DAS Channel,Lat [decimal],Lon [decimal],Elevation [m],OD [m]
0,61.309956,-45.725202,3.4,0.0
1,61.309956,-45.725202,3.4,4.79
2,61.309956,-45.725202,3.4,9.57
3,61.309956,-45.725202,3.4,14.36
4,61.309956,-45.725202,3.4,19.14
5,61.309956,-45.725202,3.4,23.93
6,61.309956,-45.725202,3.4,28.72
7,61.309956,-45.725202,3.4,33.5
8,61.309956,-45.725202,3.4,38.29
9,61.309956,-45.725202,3.4,43.07
10,61.309956,-45.725202,3.4,47.86
11,61.309956,-45.725202,3.4,52.65
12,61.309956,-45.725202,3.4,57.43
13,61.309956,-45.725202,3.4,62.22
14,61.309956,-45.725202,3.4,67.0
15,61.309956,-45.725202,3.4,71.79
16,61.309956,-45.725202,3.4,76.58
17,61.309956,-45.725202,3.4,81.36
18,61.309956,-45.725202,3.4,86.15
19,61.309956,-45.725202,3.4,90.93
20,61.309956,-45.725202,3.4,95.72
21,61.309956,-45.725202,3.4,100.51
22,61.309956,-45.725202,3.4,105.29
23,61.309956,-45.725202,3.4,110.08
24,61.309956,-45.725202,3.4,114.86
25,61.309956,-45.725202,3.4,119.65
26,61.309956,-45.725202,3.4,124.44
27,61.309956,-45.725202,3.4,129.22
28,61.309956,-45.725202,3.4,134.01
29,61.309956,-45.725202,3.4,138.79
30,61.309956,-45.725202,3.4,143.58
31,61.309956,-45.725202,3.4,148.37
32,61.309956,-45.725202,3.4,153.15
33,61.309956,-45.725202,3.4,157.94
34,61.309956,-45.725202,3.4,162.72
35,61.309956,-45.725202,3.4,167.51
36,61.309956,-45.725202,3.4,172.3
37,61.309956,-45.725202,3.4,177.08
38,61.309956,-45.725202,3.4,181.87
39,61.309956,-45.725202,3.4,186.65
40,61.309956,-45.725202,3.4,191.44
41,61.309956,-45.725202,3.4,196.23
42,61.309956,-45.725202,3.4,201.01
43,61.309956,-45.725202,3.4,205.8
44,61.309956,-45.725202,3.4,210.58
45,61.309956,-45.725202,3.4,215.37
46,61.309956,-45.725202,3.4,220.16
47,61.309956,-45.725202,3.4,224.94
48,61.309956,-45.725202,3.4,229.73
49,61.309956,-45.725202,3.4,234.51
50,61.309956,-45.725202,3.4,239.3
51,61.309956,-45.725202,3.4,244.09
52,61.309956,-45.725202,3.4,248.87
53,61.309956,-45.725202,3.4,253.66
54,61.309936,-45.725236,5.1,258.44
55,61.309904,-45.725287,5.7,263.23
56,61.309897,-45.725342,6.1,268.02
57,61.309935,-45.725338,6.0,272.8
58,61.309966,-45.725393,6.1,277.59
59,61.309996,-45.725451,5.7,282.37
60,61.310017,-45.725523,5.5,287.16
61,61.310039,-45.725594,6.1,291.95
62,61.310059,-45.725664,6.1,296.73
63,61.310083,-45.725732,5.3,301.52
64,61.310112,-45.725792,5.4,306.3
65,61.310148,-45.725834,4.8,311.09
66,61.310179,-45.725888,4.8,315.88
67,61.310206,-45.725953,5.3,320.66
68,61.310234,-45.726014,5.1,325.45
69,61.310256,-45.726084,4.9,330.23
70,61.310288,-45.726131,5.3,335.02
71,61.310318,-45.726191,5.3,339.81
72,61.310345,-45.726253,5.4,344.59
73,61.310374,-45.726313,5.2,349.38
74,61.310404,-45.726369,5.5,354.16
75,61.310432,-45.72643,5.6,358.95
76,61.310466,-45.726472,5.4,363.74
77,61.310488,-45.726542,5.2,368.52
78,61.31051,-45.726614,5.9,373.31
79,61.310532,-45.726686,5.5,378.09
80,61.310562,-45.726744,5.4,382.88
81,61.310594,-45.726787,4.7,387.67
82,61.310621,-45.726851,5.0,392.45
83,61.310646,-45.726917,4.9,397.24
84,61.310673,-45.726981,4.7,402.02
85,61.310698,-45.727049,4.0,406.81
86,61.310723,-45.727115,4.0,411.6
87,61.310748,-45.727184,5.1,416.38
88,61.310763,-45.727263,5.2,421.17
89,61.31078,-45.727337,6.3,425.95
90,61.310811,-45.727392,6.3,430.74
91,61.310828,-45.72747,5.7,435.53
92,61.310845,-45.727547,7.3,440.31
93,61.310866,-45.72762,7.4,445.1
94,61.31089,-45.727688,6.9,449.88
95,61.310912,-45.72776,7.0,454.67
96,61.310934,-45.72783,6.9,459.46
97,61.310955,-45.727903,7.1,464.24
98,61.310977,-45.727975,7.8,469.03
99,61.310999,-45.728046,8.7,473.81
100,61.31102,-45.728119,9.1,478.6
101,61.311042,-45.728191,10.3,483.39
102,61.311058,-45.728269,10.5,488.17
103,61.311078,-45.728343,10.6,492.96
104,61.311089,-45.728423,11.2,497.74
105,61.311097,-45.728506,11.6,502.53
106,61.311082,-45.728584,11.3,507.32
107,61.311063,-45.728659,11.3,512.1
108,61.311028,-45.728685,11.5,516.89
109,61.311002,-45.728686,9.4,521.67
110,61.310964,-45.728651,7.7,526.46
111,61.310934,-45.728598,5.0,531.25
112,61.3109,-45.728585,2.5,536.03
113,61.310865,-45.728547,-0.4,540.82
114,61.310832,-45.728503,-3.5,545.6
115,61.310821,-45.728517,-5.1,550.39
116,61.310809,-45.728566,-7.1,555.18
117,61.310797,-45.728615,-9.1,559.96
118,61.310785,-45.728664,-11.1,564.75
119,61.310773,-45.728713,-13.1,569.53
120,61.310762,-45.728763,-15.1,574.32
121,61.310764,-45.728769,-15.4,579.11
122,61.310764,-45.728747,-15.4,583.89
123,61.310756,-45.72877,-15.4,588.68
124,61.310737,-45.728752,-15.4,593.46
125,61.310715,-45.728723,-15.4,598.25
126,61.310735,-45.728739,-15.4,603.04
127,61.310717,-45.728758,-15.4,607.82
128,61.310678,-45.728769,-15.4,612.61
129,61.310634,-45.728779,-15.4,617.39
130,61.31059,-45.728784,-15.4,622.18
131,61.310547,-45.728764,-15.4,626.97
132,61.310503,-45.728746,-15.4,631.75
133,61.31046,-45.728728,-15.4,636.54
134,61.310416,-45.728714,-15.4,641.32
135,61.310372,-45.7287,-15.4,646.11
136,61.310328,-45.728686,-15.4,650.9
137,61.310284,-45.728688,-15.4,655.68
138,61.31024,-45.728691,-15.4,660.47
139,61.310195,-45.728694,-15.4,665.25
140,61.310151,-45.728695,-15.4,670.04
141,61.310107,-45.728694,-15.4,674.83
142,61.310062,-45.728693,-15.4,679.61
143,61.310018,-45.72869,-15.4,684.4
144,61.309974,-45.728681,-15.4,689.18
145,61.30993,-45.728673,-15.4,693.97
146,61.309886,-45.728665,-15.4,698.76
147,61.309842,-45.728658,-15.4,703.54
148,61.309797,-45.728656,-15.4,708.33
149,61.309753,-45.728653,-15.4,713.11
150,61.309709,-45.72865,-15.4,717.9
151,61.309664,-45.728647,-15.4,722.69
152,61.30962,-45.728644,-15.4,727.47
153,61.309576,-45.728642,-15.4,732.26
154,61.309533,-45.728668,-15.4,737.04
155,61.30949,-45.728681,-15.4,741.83
156,61.309446,-45.728687,-15.4,746.62
157,61.309401,-45.728692,-15.4,751.4
158,61.309357,-45.728697,-15.4,756.19
159,61.309313,-45.728704,-15.4,760.97
160,61.309269,-45.72871,-15.4,765.76
161,61.309225,-45.728724,-15.4,770.55
162,61.309181,-45.728737,-15.4,775.33
163,61.309137,-45.728751,-15.4,780.12
164,61.309093,-45.728765,-15.4,784.9
165,61.30905,-45.72878,-15.4,789.69
166,61.309006,-45.728796,-15.4,794.48
167,61.308962,-45.728802,-15.4,799.26
168,61.308918,-45.728797,-15.4,804.05
169,61.308874,-45.728788,-15.4,808.83
170,61.30883,-45.728777,-15.4,813.62
171,61.308786,-45.728764,-15.4,818.41
172,61.308742,-45.728771,-15.4,823.19
173,61.308698,-45.728776,-15.4,827.98
174,61.308653,-45.728778,-15.4,832.76
175,61.308609,-45.728775,-15.4,837.55
176,61.308565,-45.72877,-15.4,842.34
177,61.30852,-45.72877,-15.4,847.12
178,61.308476,-45.728773,-15.4,851.91
179,61.308432,-45.728778,-15.4,856.69
180,61.308388,-45.728791,-15.4,861.48
181,61.308344,-45.728804,-15.4,866.27
182,61.3083,-45.728819,-15.4,871.05
183,61.308257,-45.728834,-15.4,875.84
184,61.308213,-45.728842,-15.4,880.62
185,61.308168,-45.728846,-15.4,885.41
186,61.308124,-45.72885,-15.4,890.2
187,61.30808,-45.728858,-15.4,894.98
188,61.308036,-45.728867,-15.4,899.77
189,61.307992,-45.728868,-15.3,904.55
190,61.307948,-45.728856,-15.1,909.34
191,61.307905,-45.728835,-14.8,914.13
192,61.307861,-45.728833,-14.4,918.91
193,61.307819,-45.728805,-13.5,923.7
194,61.307796,-45.728734,-13.3,928.48
195,61.307789,-45.728691,-13.4,933.27
196,61.30775,-45.728645,-13.7,938.06
197,61.307712,-45.728599,-13.9,942.84
198,61.307644,-45.728562,-14.3,947.63
199,61.307748,-45.728606,-13.8,952.41
200,61.307841,-45.728811,-14.0,957.2
201,61.307841,-45.729068,-16.5,961.99
202,61.307789,-45.729332,-18.0,966.77
203,61.307718,-45.729575,-20.0,971.56
204,61.307637,-45.729805,-22.1,976.34
205,61.307557,-45.730037,-23.2,981.13
206,61.30749,-45.730236,-24.2,985.92
207,61.307476,-45.730295,-24.8,990.7
208,61.307462,-45.730354,-25.3,995.49
209,61.307449,-45.730413,-25.8,1000.27
210,61.307435,-45.730472,-26.4,1005.06
211,61.307421,-45.730531,-26.9,1009.85
212,61.307408,-45.73059,-27.5,1014.63
213,61.307394,-45.730649,-28.0,1019.42
214,61.30738,-45.730707,-28.2,1024.2
215,61.307366,-45.730766,-28.5,1028.99
216,61.307352,-45.730825,-28.7,1033.78
217,61.307338,-45.730883,-28.9,1038.56
218,61.307324,-45.730942,-29.1,1043.35
219,61.30731,-45.731001,-29.3,1048.13
220,61.307296,-45.731059,-29.6,1052.92
221,61.307282,-45.731118,-29.8,1057.71
222,61.307268,-45.731178,-30.4,1062.49
223,61.307252,-45.731238,-31.4,1067.28
224,61.307237,-45.731298,-32.3,1072.06
225,61.307222,-45.731359,-33.3,1076.85
226,61.307207,-45.731419,-34.3,1081.64
227,61.307192,-45.73148,-35.2,1086.42
228,61.307176,-45.73154,-36.2,1091.21
229,61.307161,-45.7316,-37.2,1095.99
230,61.307145,-45.731659,-37.7,1100.78
231,61.307127,-45.731717,-37.8,1105.57
232,61.30711,-45.731775,-37.9,1110.35
233,61.307092,-45.731833,-38.0,1115.14
234,61.307075,-45.73189,-38.1,1119.92
235,61.307057,-45.731948,-38.2,1124.71
236,61.30704,-45.732006,-38.3,1129.5
237,61.307022,-45.732063,-38.4,1134.28
238,61.307005,-45.732121,-38.5,1139.07
239,61.306987,-45.732179,-38.6,1143.85
240,61.30697,-45.732241,-39.3,1148.64
241,61.306953,-45.732305,-40.1,1153.43
242,61.306936,-45.732369,-40.9,1158.21
243,61.306919,-45.732433,-41.7,1163.0
244,61.306902,-45.732497,-42.6,1167.78
245,61.306885,-45.732561,-43.4,1172.57
246,61.306868,-45.732625,-44.2,1177.36
247,61.306851,-45.732689,-45.0,1182.14
248,61.306835,-45.732754,-45.6,1186.93
249,61.306819,-45.732819,-46.3,1191.71
250,61.306803,-45.732885,-46.9,1196.5
251,61.306787,-45.73295,-47.5,1201.29
252,61.306771,-45.733015,-48.1,1206.07
253,61.306755,-45.73308,-48.8,1210.86
254,61.306739,-45.733145,-49.4,1215.64
255,61.306722,-45.733215,-50.0,1220.43
256,61.306689,-45.733337,-50.6,1225.22
257,61.306656,-45.733459,-51.1,1230.0
258,61.306624,-45.73358,-51.7,1234.79
259,61.306591,-45.733702,-52.2,1239.57
260,61.306554,-45.733819,-54.1,1244.36
261,61.306517,-45.733934,-56.1,1249.15
262,61.30648,-45.73405,-58.1,1253.93
263,61.306441,-45.734164,-60.1,1258.72
264,61.306401,-45.734276,-62.0,1263.5
265,61.306362,-45.734388,-63.9,1268.29
266,61.306322,-45.734501,-65.8,1273.08
267,61.306285,-45.734617,-66.4,1277.86
268,61.30625,-45.734736,-66.3,1282.65
269,61.306215,-45.734855,-66.1,1287.43
270,61.30618,-45.734973,-65.9,1292.22
271,61.306153,-45.735074,-66.1,1297.01
272,61.306138,-45.735149,-66.8,1301.79
273,61.306123,-45.735224,-67.5,1306.58
274,61.306107,-45.735299,-68.1,1311.36
275,61.306092,-45.735374,-68.8,1316.15
276,61.306076,-45.735449,-69.5,1320.94
277,61.306061,-45.735524,-70.1,1325.72
278,61.306046,-45.735599,-70.8,1330.51
279,61.306028,-45.735672,-70.9,1335.29
280,61.306011,-45.735746,-71.0,1340.08
281,61.305994,-45.735819,-71.0,1344.87
282,61.305976,-45.735892,-71.1,1349.65
283,61.305959,-45.735965,-71.2,1354.44
284,61.305942,-45.736038,-71.2,1359.22
285,61.305923,-45.73611,-71.7,1364.01
286,61.305903,-45.73618,-72.5,1368.8
287,61.305883,-45.73625,-73.4,1373.58
288,61.305862,-45.73632,-74.3,1378.37
289,61.305842,-45.73639,-75.2,1383.15
290,61.305822,-45.73646,-76.1,1387.94
291,61.305803,-45.73653,-77.0,1392.73
292,61.305783,-45.736601,-77.9,1397.51
293,61.305763,-45.736672,-78.9,1402.3
294,61.305744,-45.736742,-79.8,1407.08
295,61.305724,-45.736813,-80.8,1411.87
296,61.305704,-45.736884,-81.7,1416.66
297,61.305685,-45.736954,-82.7,1421.44
298,61.305673,-45.736996,-82.9,1426.23
299,61.305663,-45.737033,-83.1,1431.01
300,61.305652,-45.737071,-83.2,1435.8
301,61.305642,-45.737108,-83.4,1440.59
302,61.305631,-45.737146,-83.6,1445.37
303,61.305621,-45.737183,-83.7,1450.16
304,61.30561,-45.737221,-83.9,1454.94
305,61.3056,-45.737258,-84.1,1459.73
306,61.305589,-45.737296,-84.2,1464.52
307,61.305579,-45.737333,-84.4,1469.3
308,61.305568,-45.737371,-84.6,1474.09
309,61.305558,-45.737408,-84.7,1478.87
310,61.305547,-45.737446,-84.9,1483.66
311,61.305538,-45.737484,-85.2,1488.45
312,61.305529,-45.737523,-85.6,1493.23
313,61.305519,-45.737562,-86.0,1498.02
314,61.30551,-45.737601,-86.4,1502.8
315,61.305501,-45.73764,-86.8,1507.59
316,61.305492,-45.737679,-87.2,1512.38
317,61.305482,-45.737718,-87.6,1517.16
318,61.305467,-45.737783,-89.1,1521.95
319,61.305441,-45.737888,-92.4,1526.73
320,61.305416,-45.737993,-95.7,1531.52
321,61.30539,-45.738098,-98.9,1536.31
322,61.305365,-45.738202,-102.2,1541.09
323,61.305339,-45.738307,-105.6,1545.88
324,61.305314,-45.738411,-109.2,1550.66
325,61.305288,-45.738516,-112.8,1555.45
326,61.305262,-45.73862,-115.8,1560.24
327,61.305237,-45.738725,-117.8,1565.02
328,61.305212,-45.73883,-119.7,1569.81
329,61.305187,-45.738935,-120.1,1574.59
330,61.305162,-45.739041,-118.9,1579.38
331,61.305138,-45.739146,-117.7,1584.17
332,61.305113,-45.739252,-116.5,1588.95
333,61.305089,-45.739357,-115.3,1593.74
334,61.305065,-45.739464,-114.8,1598.52
335,61.305042,-45.739571,-115.8,1603.31
336,61.30502,-45.739679,-116.8,1608.1
337,61.304998,-45.739787,-117.8,1612.88
338,61.304975,-45.739894,-118.8,1617.67
339,61.304953,-45.740002,-119.8,1622.45
340,61.304933,-45.740099,-120.8,1627.24
341,61.304916,-45.740185,-121.8,1632.03
342,61.304899,-45.740271,-122.8,1636.81
343,61.304883,-45.740357,-123.7,1641.6
344,61.304866,-45.740443,-124.7,1646.38
345,61.304849,-45.740528,-125.7,1651.17
346,61.304832,-45.740614,-126.6,1655.96
347,61.304815,-45.740699,-127.3,1660.74
348,61.304798,-45.740785,-127.9,1665.53
349,61.30478,-45.74087,-128.5,1670.31
350,61.304763,-45.740955,-129.1,1675.1
351,61.304746,-45.741041,-129.7,1679.89
352,61.304728,-45.741126,-130.4,1684.67
353,61.304711,-45.741211,-131.0,1689.46
354,61.304692,-45.741295,-131.8,1694.24
355,61.304674,-45.741379,-132.5,1699.03
356,61.304655,-45.741463,-133.3,1703.82
357,61.304636,-45.741547,-134.0,1708.6
358,61.304618,-45.741632,-134.8,1713.39
359,61.304599,-45.741715,-135.5,1718.17
360,61.304579,-45.741798,-136.1,1722.96
361,61.304559,-45.741881,-136.7,1727.75
362,61.30454,-45.741964,-137.3,1732.53
363,61.30452,-45.742047,-137.8,1737.32
364,61.3045,-45.74213,-138.4,1742.1
365,61.304485,-45.742201,-138.8,1746.89
366,61.304475,-45.742253,-139.0,1751.68
367,61.304466,-45.742305,-139.1,1756.46
368,61.304457,-45.742357,-139.3,1761.25
369,61.304447,-45.742409,-139.5,1766.03
370,61.304438,-45.742461,-139.6,1770.82
371,61.304429,-45.742513,-139.8,1775.61
372,61.304419,-45.742565,-139.9,1780.39
373,61.30441,-45.742617,-140.1,1785.18
374,61.304402,-45.74267,-140.1,1789.96
375,61.304394,-45.742724,-140.1,1794.75
376,61.304387,-45.742777,-140.1,1799.54
377,61.304379,-45.74283,-140.1,1804.32
378,61.304371,-45.742883,-140.1,1809.11
379,61.304363,-45.742936,-140.1,1813.89
380,61.304355,-45.742989,-140.2,1818.68
381,61.304347,-45.743042,-140.2,1823.47
382,61.304339,-45.743098,-140.2,1828.25
383,61.304325,-45.743208,-140.6,1833.04
384,61.304311,-45.743318,-141.0,1837.82
385,61.304298,-45.743428,-141.5,1842.61
386,61.304284,-45.743538,-141.9,1847.4
387,61.304269,-45.743647,-142.6,1852.18
388,61.304253,-45.743756,-143.5,1856.97
389,61.304237,-45.743865,-144.4,1861.75
390,61.304221,-45.743973,-145.4,1866.54
391,61.304206,-45.744082,-146.4,1871.33
392,61.304191,-45.744192,-148.7,1876.11
393,61.304176,-45.744301,-150.9,1880.9
394,61.304161,-45.74441,-153.2,1885.68
395,61.304146,-45.744519,-155.5,1890.47
396,61.304131,-45.744629,-157.7,1895.26
397,61.304117,-45.744739,-159.0,1900.04
398,61.304105,-45.74485,-159.4,1904.83
399,61.304092,-45.74496,-159.8,1909.61
400,61.30408,-45.745071,-160.3,1914.4
401,61.304067,-45.745182,-160.7,1919.19
402,61.304056,-45.745283,-161.0,1923.97
403,61.30405,-45.745349,-161.0,1928.76
404,61.304044,-45.745415,-160.9,1933.54
405,61.304038,-45.745481,-160.9,1938.33
406,61.304032,-45.745546,-160.9,1943.12
407,61.304025,-45.745612,-160.8,1947.9
408,61.304019,-45.745678,-160.8,1952.69
409,61.304013,-45.745744,-160.7,1957.47
410,61.304008,-45.74581,-160.7,1962.26
411,61.304006,-45.745877,-160.6,1967.05
412,61.304004,-45.745944,-160.6,1971.83
413,61.304002,-45.74601,-160.6,1976.62
414,61.304,-45.746077,-160.5,1981.4
415,61.303998,-45.746144,-160.5,1986.19
416,61.303996,-45.746211,-160.4,1990.98
417,61.303994,-45.746278,-160.4,1995.76
418,61.303992,-45.746345,-160.4,2000.55
419,61.303989,-45.746412,-161.6,2005.33
420,61.303987,-45.746479,-162.8,2010.12
421,61.303984,-45.746545,-164.0,2014.91
422,61.303982,-45.746612,-165.2,2019.69
423,61.303979,-45.746679,-166.4,2024.48
424,61.303976,-45.746746,-167.6,2029.26
425,61.303974,-45.746813,-168.8,2034.05
426,61.303971,-45.746879,-169.9,2038.84
427,61.30397,-45.746962,-172.0,2043.62
428,61.303968,-45.747049,-174.3,2048.41
429,61.303967,-45.747137,-176.6,2053.19
430,61.303966,-45.747225,-178.8,2057.98
431,61.303964,-45.747312,-181.1,2062.77
432,61.303962,-45.7474,-183.2,2067.55
433,61.303958,-45.747487,-183.8,2072.34
434,61.303954,-45.747574,-184.5,2077.12
435,61.30395,-45.747661,-185.2,2081.91
436,61.303945,-45.747748,-185.9,2086.7
437,61.303941,-45.747835,-186.6,2091.48
438,61.303937,-45.747922,-187.3,2096.27
439,61.30393,-45.748009,-187.3,2101.05
440,61.303922,-45.748095,-186.7,2105.84
441,61.303914,-45.748181,-186.2,2110.63
442,61.303906,-45.748266,-185.6,2115.41
443,61.303898,-45.748352,-185.1,2120.2
444,61.30389,-45.748438,-184.5,2124.98
445,61.303881,-45.748524,-183.9,2129.77
446,61.303872,-45.748609,-183.2,2134.56
447,61.303863,-45.748695,-182.5,2139.34
448,61.303854,-45.74878,-181.8,2144.13
449,61.303844,-45.748866,-181.1,2148.91
450,61.303835,-45.748951,-180.4,2153.7
451,61.303826,-45.749037,-179.7,2158.49
452,61.303816,-45.749122,-179.5,2163.27
453,61.303806,-45.749208,-179.6,2168.06
454,61.303796,-45.749293,-179.7,2172.84
455,61.303785,-45.749378,-179.7,2177.63
456,61.303775,-45.749464,-179.8,2182.42
457,61.303765,-45.749549,-179.8,2187.2
458,61.303754,-45.749634,-179.9,2191.99
459,61.303745,-45.74972,-179.9,2196.77
460,61.303736,-45.749806,-180.0,2201.56
461,61.303727,-45.749892,-180.0,2206.35
462,61.303718,-45.749978,-180.0,2211.13
463,61.303709,-45.750064,-180.0,2215.92
464,61.3037,-45.75015,-180.0,2220.7
465,61.303691,-45.750236,-180.0,2225.49
466,61.303681,-45.750322,-180.0,2230.28
467,61.303672,-45.750408,-180.0,2235.06
468,61.303663,-45.750493,-179.9,2239.85
469,61.303654,-45.750579,-179.9,2244.63
470,61.303645,-45.750665,-179.9,2249.42
471,61.303635,-45.750751,-179.9,2254.21
472,61.303627,-45.750851,-179.9,2258.99
473,61.303618,-45.75096,-179.9,2263.78
474,61.30361,-45.751069,-180.0,2268.56
475,61.303601,-45.751178,-180.0,2273.35
476,61.303593,-45.751287,-180.0,2278.14
477,61.303584,-45.751396,-180.1,2282.92
478,61.303576,-45.751505,-180.6,2287.71
479,61.303568,-45.751614,-181.1,2292.49
480,61.30356,-45.751723,-181.7,2297.28
481,61.303552,-45.751832,-182.2,2302.07
482,61.303544,-45.751942,-182.8,2306.85
483,61.303536,-45.752051,-183.3,2311.64
484,61.303529,-45.752121,-183.3,2316.42
485,61.303523,-45.752177,-183.0,2321.21
486,61.303517,-45.752232,-182.8,2326.0
487,61.30351,-45.752287,-182.6,2330.78
488,61.303504,-45.752342,-182.3,2335.57
489,61.303498,-45.752398,-182.1,2340.35
490,61.303491,-45.752453,-181.8,2345.14
491,61.303485,-45.752508,-181.6,2349.93
492,61.303478,-45.752564,-181.4,2354.71
493,61.303472,-45.752619,-181.1,2359.5
494,61.303465,-45.752674,-181.2,2364.28
495,61.303458,-45.752729,-181.5,2369.07
496,61.303451,-45.752784,-181.8,2373.86
497,61.303443,-45.752838,-182.1,2378.64
498,61.303436,-45.752893,-182.4,2383.43
499,61.303429,-45.752948,-182.7,2388.21
500,61.303422,-45.753003,-183.0,2393.0
501,61.303415,-45.753058,-183.3,2397.79
502,61.303407,-45.753113,-183.6,2402.57
503,61.3034,-45.753168,-183.9,2407.36
504,61.303391,-45.753236,-184.6,2412.14
505,61.303378,-45.753322,-185.8,2416.93
506,61.303366,-45.753407,-187.0,2421.72
507,61.303354,-45.753493,-188.2,2426.5
508,61.303342,-45.753579,-189.4,2431.29
509,61.303329,-45.753664,-190.6,2436.07
510,61.303317,-45.75375,-191.8,2440.86
511,61.303305,-45.753836,-192.9,2445.65
512,61.303297,-45.753924,-193.3,2450.43
513,61.303289,-45.754011,-193.7,2455.22
514,61.303281,-45.754099,-194.2,2460.0
515,61.303274,-45.754187,-194.6,2464.79
516,61.303266,-45.754275,-195.0,2469.58
517,61.303258,-45.754363,-195.4,2474.36
518,61.303249,-45.75445,-195.2,2479.15
519,61.30324,-45.754537,-194.4,2483.93
520,61.30323,-45.754625,-193.5,2488.72
521,61.30322,-45.754712,-192.7,2493.51
522,61.303211,-45.754799,-191.9,2498.29
523,61.303201,-45.754886,-191.0,2503.08
524,61.303192,-45.754973,-190.2,2507.86
525,61.303182,-45.755051,-188.1,2512.65
526,61.303172,-45.755122,-185.0,2517.44
527,61.303162,-45.755192,-182.0,2522.22
528,61.303153,-45.755263,-178.9,2527.01
529,61.303143,-45.755334,-175.8,2531.79
530,61.303133,-45.755404,-172.7,2536.58
531,61.303123,-45.755475,-169.6,2541.37
532,61.303113,-45.755546,-168.0,2546.15
533,61.303103,-45.755616,-167.7,2550.94
534,61.303093,-45.755687,-167.3,2555.72
535,61.303083,-45.755757,-167.0,2560.51
536,61.303073,-45.755828,-166.6,2565.3
537,61.303063,-45.755899,-166.2,2570.08
538,61.303053,-45.755969,-165.9,2574.87
539,61.303043,-45.75604,-165.5,2579.65
540,61.303034,-45.756111,-166.0,2584.44
541,61.303027,-45.756183,-167.4,2589.23
542,61.303019,-45.756255,-168.8,2594.01
543,61.303012,-45.756327,-170.2,2598.8
544,61.303005,-45.756399,-171.6,2603.58
545,61.302998,-45.756471,-173.0,2608.37
546,61.30299,-45.756543,-174.4,2613.16
547,61.302983,-45.756615,-175.8,2617.94
548,61.302976,-45.756687,-177.3,2622.73
549,61.302968,-45.756759,-178.7,2627.51
550,61.302961,-45.75684,-179.4,2632.3
551,61.302956,-45.756943,-178.1,2637.09
552,61.302951,-45.757047,-176.8,2641.87
553,61.302945,-45.757151,-175.5,2646.66
554,61.30294,-45.757254,-174.2,2651.44
555,61.302935,-45.757358,-173.0,2656.23
556,61.30293,-45.757462,-172.0,2661.02
557,61.302929,-45.757566,-172.4,2665.8
558,61.302927,-45.75767,-172.8,2670.59
559,61.302926,-45.757775,-173.2,2675.37
560,61.302924,-45.757879,-173.6,2680.16
561,61.302911,-45.757979,-172.3,2684.95
562,61.302894,-45.758077,-170.5,2689.73
563,61.302878,-45.758176,-168.7,2694.52
564,61.302862,-45.758274,-166.8,2699.3
565,61.302855,-45.758378,-165.2,2704.09
566,61.302849,-45.758481,-163.5,2708.88
567,61.302843,-45.758585,-161.9,2713.66
568,61.302838,-45.758688,-160.7,2718.45
569,61.302842,-45.758792,-161.5,2723.23
570,61.302845,-45.758896,-162.2,2728.02
571,61.302848,-45.759001,-163.0,2732.81
572,61.302852,-45.759105,-163.8,2737.59
573,61.302855,-45.759209,-164.5,2742.38
574,61.302862,-45.759271,-163.8,2747.16
575,61.302869,-45.759328,-162.9,2751.95
576,61.302876,-45.759384,-162.0,2756.74
577,61.302883,-45.759441,-161.1,2761.52
578,61.302891,-45.759497,-160.2,2766.31
579,61.302898,-45.759553,-159.3,2771.09
580,61.302905,-45.75961,-158.4,2775.88
581,61.302912,-45.759666,-157.4,2780.67
582,61.302922,-45.759721,-157.2,2785.45
583,61.302932,-45.759776,-157.0,2790.24
584,61.302942,-45.75983,-156.7,2795.02
585,61.302951,-45.759885,-156.5,2799.81
586,61.302961,-45.75994,-156.3,2804.6
587,61.302971,-45.759994,-156.0,2809.38
588,61.302981,-45.760049,-156.0,2814.17
589,61.302993,-45.760102,-156.6,2818.95
590,61.303005,-45.760155,-157.2,2823.74
591,61.303017,-45.760208,-157.8,2828.53
592,61.303029,-45.76026,-158.4,2833.31
593,61.303041,-45.760313,-159.0,2838.1
594,61.303052,-45.760366,-159.6,2842.88
595,61.303066,-45.760434,-160.7,2847.67
596,61.303084,-45.760531,-162.6,2852.46
597,61.303102,-45.760628,-164.5,2857.24
598,61.303119,-45.760724,-166.4,2862.03
599,61.303137,-45.760821,-168.4,2866.81
600,61.303152,-45.760919,-169.5,2871.6
601,61.303166,-45.761018,-170.5,2876.39
602,61.303181,-45.761117,-171.4,2881.17
603,61.303195,-45.761216,-172.3,2885.96
604,61.303209,-45.761315,-173.1,2890.74
605,61.30322,-45.761416,-173.3,2895.53
606,61.303231,-45.761516,-173.4,2900.32
607,61.303242,-45.761617,-173.5,2905.1
608,61.303253,-45.761718,-173.6,2909.89
609,61.303264,-45.761819,-173.8,2914.67
610,61.303276,-45.761919,-174.5,2919.46
611,61.303289,-45.762019,-176.3,2924.25
612,61.303302,-45.762118,-178.0,2929.03
613,61.303315,-45.762218,-179.8,2933.82
614,61.303328,-45.762318,-181.5,2938.6
615,61.303341,-45.762417,-183.3,2943.39
616,61.303352,-45.762503,-185.8,2948.18
617,61.30336,-45.762573,-189.3,2952.96
618,61.303368,-45.762643,-192.8,2957.75
619,61.303376,-45.762713,-196.2,2962.53
620,61.303384,-45.762783,-199.7,2967.32
621,61.303392,-45.762853,-203.2,2972.11
622,61.3034,-45.762923,-206.7,2976.89
623,61.303408,-45.762992,-210.2,2981.68
624,61.303416,-45.763062,-213.7,2986.46
625,61.303427,-45.76313,-213.9,2991.25
626,61.303439,-45.763198,-213.8,2996.04
627,61.303451,-45.763265,-213.7,3000.82
628,61.303463,-45.763333,-213.6,3005.61
629,61.303474,-45.7634,-213.5,3010.39
630,61.303486,-45.763468,-213.4,3015.18
631,61.303498,-45.763535,-213.3,3019.97
632,61.303509,-45.763603,-213.6,3024.75
633,61.30352,-45.763671,-214.0,3029.54
634,61.303531,-45.763739,-214.3,3034.32
635,61.303542,-45.763807,-214.6,3039.11
636,61.303553,-45.763875,-215.0,3043.9
637,61.303564,-45.763943,-215.3,3048.68
638,61.303575,-45.764011,-215.6,3053.47
639,61.303587,-45.764079,-215.9,3058.25
640,61.303597,-45.764147,-216.3,3063.04
641,61.303605,-45.764214,-216.9,3067.83
642,61.303613,-45.764281,-217.5,3072.61
643,61.303621,-45.764348,-218.1,3077.4
644,61.303628,-45.764415,-218.7,3082.18
645,61.303636,-45.764482,-219.3,3086.97
646,61.303644,-45.764548,-219.9,3091.76
647,61.303652,-45.764615,-220.5,3096.54
648,61.30366,-45.764682,-221.1,3101.33
649,61.303668,-45.764749,-221.7,3106.11
650,61.30367,-45.764818,-222.5,3110.9
651,61.303671,-45.764886,-223.4,3115.69
652,61.303672,-45.764955,-224.3,3120.47
653,61.303672,-45.765024,-225.2,3125.26
654,61.303673,-45.765093,-226.0,3130.04
655,61.303674,-45.765162,-226.9,3134.83
656,61.303675,-45.765231,-229.5,3139.62
657,61.303679,-45.765299,-235.3,3144.4
658,61.303682,-45.765368,-241.0,3149.19
659,61.303685,-45.765436,-246.8,3153.97
660,61.303688,-45.765505,-252.6,3158.76
661,61.303691,-45.765574,-258.3,3163.55
662,61.303694,-45.765642,-264.1,3168.33
663,61.303697,-45.765711,-269.7,3173.12
664,61.303698,-45.765801,-270.4,3177.9
665,61.3037,-45.765891,-271.1,3182.69
666,61.303701,-45.765981,-271.8,3187.48
667,61.303702,-45.766071,-272.5,3192.26
668,61.303703,-45.76616,-273.2,3197.05
669,61.303704,-45.76625,-273.9,3201.83
670,61.303706,-45.76634,-274.6,3206.62
671,61.303708,-45.76643,-274.9,3211.41
672,61.303711,-45.766519,-275.2,3216.19
673,61.303713,-45.766609,-275.5,3220.98
674,61.303716,-45.766699,-275.8,3225.76
675,61.303719,-45.766788,-276.1,3230.55
676,61.303721,-45.766878,-276.5,3235.34
677,61.303724,-45.766968,-276.8,3240.12
678,61.303729,-45.767057,-277.2,3244.91
679,61.303734,-45.767146,-277.7,3249.69
680,61.303739,-45.767236,-278.2,3254.48
681,61.303744,-45.767325,-278.7,3259.27
682,61.303749,-45.767414,-279.1,3264.05
683,61.303754,-45.767503,-279.6,3268.84
684,61.303762,-45.767593,-279.8,3273.62
685,61.303772,-45.767683,-279.9,3278.41
686,61.303783,-45.767773,-280.0,3283.2
687,61.303793,-45.767863,-279.7,3287.98
688,61.303804,-45.767953,-279.4,3292.77
689,61.303815,-45.768042,-279.0,3297.55
690,61.303826,-45.768132,-278.6,3302.34
691,61.303837,-45.768222,-278.3,3307.13
692,61.303848,-45.768311,-277.9,3311.91
693,61.303859,-45.768401,-277.6,3316.7
694,61.303869,-45.768491,-277.2,3321.48
695,61.303879,-45.768581,-276.9,3326.27
696,61.303889,-45.768671,-276.6,3331.06
697,61.3039,-45.76876,-276.2,3335.84
698,61.30391,-45.76885,-275.9,3340.63
699,61.30392,-45.76894,-275.6,3345.41
700,61.30393,-45.76903,-275.2,3350.2
701,61.30394,-45.76912,-274.9,3354.99
702,61.30395,-45.76921,-274.6,3359.77
703,61.303957,-45.769302,-274.5,3364.56
704,61.303963,-45.769393,-274.6,3369.34
705,61.303968,-45.769485,-274.6,3374.13
706,61.303974,-45.769577,-274.7,3378.92
707,61.30398,-45.769668,-274.7,3383.7
708,61.303986,-45.76976,-274.8,3388.49
709,61.303992,-45.769852,-274.8,3393.27
710,61.303995,-45.769944,-275.3,3398.06
711,61.303998,-45.770036,-275.9,3402.85
712,61.304001,-45.770128,-276.4,3407.63
713,61.304004,-45.77022,-277.0,3412.42
714,61.304007,-45.770313,-277.5,3417.2
715,61.30401,-45.770405,-278.0,3421.99
716,61.304013,-45.770497,-278.6,3426.78
717,61.304016,-45.770579,-278.6,3431.56
718,61.30402,-45.770658,-278.5,3436.35
719,61.304024,-45.770736,-278.4,3441.13
720,61.304028,-45.770815,-278.2,3445.92
721,61.304032,-45.770893,-278.1,3450.71
722,61.304035,-45.770972,-278.0,3455.49
723,61.304039,-45.771051,-277.8,3460.28
724,61.304043,-45.771129,-277.7,3465.06
725,61.304047,-45.771208,-277.6,3469.85
726,61.304053,-45.771286,-277.5,3474.64
727,61.304059,-45.771364,-277.5,3479.42
728,61.304065,-45.771441,-277.5,3484.21
729,61.304072,-45.771519,-277.4,3488.99
730,61.304078,-45.771597,-277.4,3493.78
731,61.304084,-45.771675,-277.3,3498.57
732,61.304091,-45.771753,-277.3,3503.35
733,61.304097,-45.77183,-277.3,3508.14
734,61.304104,-45.771897,-277.6,3512.92
735,61.30411,-45.771964,-278.0,3517.71
736,61.304116,-45.772031,-278.4,3522.5
737,61.304123,-45.772098,-278.7,3527.28
738,61.304129,-45.772164,-279.1,3532.07
739,61.304136,-45.772231,-279.5,3536.85
740,61.304142,-45.772298,-279.8,3541.64
741,61.30415,-45.772364,-280.3,3546.43
742,61.304159,-45.77243,-280.7,3551.21
743,61.304167,-45.772495,-281.2,3556.0
744,61.304176,-45.772561,-281.7,3560.78
745,61.304185,-45.772627,-282.2,3565.57
746,61.304194,-45.772692,-282.6,3570.36
747,61.304203,-45.772758,-283.1,3575.14
748,61.304211,-45.772823,-283.6,3579.93
749,61.304217,-45.772891,-283.7,3584.71
750,61.304221,-45.772958,-283.7,3589.5
751,61.304226,-45.773025,-283.8,3594.29
752,61.304231,-45.773093,-283.8,3599.07
753,61.304236,-45.77316,-283.9,3603.86
754,61.304241,-45.773227,-283.9,3608.64
755,61.304246,-45.773295,-284.0,3613.43
756,61.304251,-45.773362,-284.0,3618.22
757,61.304254,-45.773431,-283.6,3623.0
758,61.304257,-45.773499,-283.3,3627.79
759,61.30426,-45.773568,-282.9,3632.57
760,61.304263,-45.773636,-282.5,3637.36
761,61.304266,-45.773704,-282.2,3642.15
762,61.304269,-45.773773,-281.8,3646.93
763,61.304272,-45.773841,-281.5,3651.72
764,61.304275,-45.77391,-281.2,3656.5
765,61.304279,-45.773978,-281.1,3661.29
766,61.304283,-45.774046,-281.0,3666.08
767,61.304287,-45.774115,-280.9,3670.86
768,61.30429,-45.774183,-280.8,3675.65
769,61.304294,-45.774251,-280.7,3680.43
770,61.304298,-45.77432,-280.6,3685.22
771,61.304302,-45.774388,-280.5,3690.01
772,61.304305,-45.774456,-280.4,3694.79
773,61.304309,-45.774525,-280.3,3699.58
774,61.304313,-45.774593,-280.2,3704.36
775,61.304315,-45.774661,-280.3,3709.15
776,61.304317,-45.77473,-280.5,3713.94
777,61.304318,-45.774799,-280.7,3718.72
778,61.30432,-45.774867,-280.9,3723.51
779,61.304321,-45.774936,-281.1,3728.29
780,61.304326,-45.77501,-281.3,3733.08
781,61.304343,-45.775102,-281.7,3737.87
782,61.304359,-45.775194,-282.1,3742.65
783,61.30438,-45.77528,-282.6,3747.44
784,61.304402,-45.775367,-283.0,3752.22
785,61.304424,-45.775453,-283.5,3757.01
786,61.304443,-45.775543,-283.9,3761.8
787,61.304457,-45.775636,-284.4,3766.58
788,61.304471,-45.77573,-284.8,3771.37
789,61.304485,-45.775823,-285.3,3776.15
790,61.304499,-45.775917,-285.7,3780.94
791,61.304513,-45.77601,-286.2,3785.73
792,61.304525,-45.776105,-286.6,3790.51
793,61.304537,-45.776199,-287.0,3795.3
794,61.304549,-45.776294,-287.4,3800.08
795,61.304561,-45.776389,-287.8,3804.87
796,61.304569,-45.776463,-288.1,3809.66
797,61.304574,-45.776522,-288.3,3814.44
798,61.304579,-45.77658,-288.5,3819.23
799,61.304584,-45.776639,-288.8,3824.01
800,61.304589,-45.776698,-289.0,3828.8
801,61.304594,-45.776756,-289.2,3833.59
802,61.304599,-45.776815,-289.5,3838.37
803,61.304604,-45.776873,-289.7,3843.16
804,61.304609,-45.776932,-289.9,3847.94
805,61.304615,-45.77699,-290.1,3852.73
806,61.304623,-45.777047,-290.2,3857.52
807,61.304632,-45.777104,-290.2,3862.3
808,61.30464,-45.777161,-290.3,3867.09
809,61.304648,-45.777218,-290.4,3871.87
810,61.304656,-45.777275,-290.4,3876.66
811,61.304664,-45.777332,-290.5,3881.45
812,61.304672,-45.777389,-290.6,3886.23
813,61.304681,-45.777446,-290.6,3891.02
814,61.304691,-45.777508,-290.5,3895.8
815,61.304702,-45.777573,-290.2,3900.59
816,61.304714,-45.777638,-290.0,3905.38
817,61.304725,-45.777704,-289.7,3910.16
818,61.304737,-45.777769,-289.5,3914.95
819,61.304749,-45.777834,-289.2,3919.73
820,61.304759,-45.7779,-288.9,3924.52
821,61.30477,-45.777966,-288.6,3929.31
822,61.304781,-45.778032,-288.3,3934.09
823,61.304792,-45.778098,-287.9,3938.88
824,61.304803,-45.778164,-287.6,3943.66
825,61.304813,-45.77823,-287.3,3948.45
826,61.304824,-45.778296,-286.9,3953.24
827,61.304835,-45.778362,-286.6,3958.02
828,61.304844,-45.778429,-286.2,3962.81
829,61.304853,-45.778496,-285.8,3967.59
830,61.304863,-45.778562,-285.5,3972.38
831,61.304872,-45.778629,-285.1,3977.17
832,61.304881,-45.778696,-284.7,3981.95
833,61.30489,-45.778763,-284.3,3986.74
834,61.304899,-45.77883,-284.0,3991.52
835,61.304908,-45.778897,-283.6,3996.31
836,61.304917,-45.778964,-283.3,4001.1
837,61.304926,-45.779032,-282.9,4005.88
838,61.304934,-45.779101,-282.6,4010.67
839,61.304939,-45.779173,-282.3,4015.45
840,61.304945,-45.779245,-282.0,4020.24
841,61.304951,-45.779316,-281.7,4025.03
842,61.304956,-45.779388,-281.4,4029.81
843,61.304961,-45.77946,-281.2,4034.6
844,61.304966,-45.779532,-281.0,4039.38
845,61.304971,-45.779604,-280.8,4044.17
846,61.304975,-45.779676,-280.7,4048.96
847,61.30498,-45.779748,-280.5,4053.74
848,61.304985,-45.77982,-280.3,4058.53
849,61.30499,-45.779892,-280.1,4063.31
850,61.304995,-45.779964,-280.1,4068.1
851,61.305,-45.780036,-280.1,4072.89
852,61.305006,-45.780108,-280.1,4077.67
853,61.305011,-45.78018,-280.1,4082.46
854,61.305016,-45.780252,-280.1,4087.24
855,61.305022,-45.780319,-280.1,4092.03
856,61.305027,-45.780381,-280.3,4096.82
857,61.305032,-45.780443,-280.4,4101.6
858,61.305037,-45.780504,-280.5,4106.39
859,61.305043,-45.780566,-280.6,4111.17
860,61.305048,-45.780627,-280.7,4115.96
861,61.305053,-45.780689,-280.8,4120.75
862,61.305055,-45.780752,-281.0,4125.53
863,61.305056,-45.780814,-281.2,4130.32
864,61.305056,-45.780877,-281.3,4135.1
865,61.305057,-45.780939,-281.5,4139.89
866,61.305058,-45.781002,-281.7,4144.68
867,61.305059,-45.781065,-281.9,4149.46
868,61.30506,-45.781127,-282.0,4154.25
869,61.30506,-45.78119,-282.3,4159.03
870,61.305059,-45.781252,-282.5,4163.82
871,61.305059,-45.781315,-282.8,4168.61
872,61.305059,-45.781378,-283.0,4173.39
873,61.305058,-45.78144,-283.3,4178.18
874,61.305058,-45.781503,-283.5,4182.96
875,61.305058,-45.781565,-283.8,4187.75
876,61.305057,-45.781628,-284.0,4192.54
877,61.305057,-45.781685,-284.2,4197.32
878,61.305055,-45.781736,-284.4,4202.11
879,61.305054,-45.781787,-284.6,4206.89
880,61.305053,-45.781837,-284.8,4211.68
881,61.305051,-45.781888,-284.9,4216.47
882,61.30505,-45.781939,-285.1,4221.25
883,61.305049,-45.78199,-285.3,4226.04
884,61.305047,-45.78204,-285.5,4230.82
885,61.305046,-45.782091,-285.7,4235.61
886,61.305045,-45.782142,-285.8,4240.4
887,61.305042,-45.782193,-286.0,4245.18
888,61.30504,-45.782243,-286.1,4249.97
889,61.305038,-45.782294,-286.3,4254.75
890,61.305035,-45.782345,-286.4,4259.54
891,61.305033,-45.782395,-286.6,4264.33
892,61.305031,-45.782446,-286.8,4269.11
893,61.305028,-45.782496,-286.9,4273.9
894,61.305026,-45.782547,-287.1,4278.68
895,61.305024,-45.782598,-287.2,4283.47
896,61.305021,-45.782656,-287.4,4288.26
897,61.305017,-45.782737,-287.6,4293.04
898,61.305007,-45.782813,-287.3,4297.83
899,61.304986,-45.78288,-286.0,4302.61
900,61.304965,-45.782948,-284.7,4307.4
901,61.304944,-45.783017,-284.3,4312.19
902,61.304924,-45.783085,-284.3,4316.97
903,61.304901,-45.783151,-284.4,4321.76
904,61.304884,-45.783222,-284.4,4326.54
905,61.30487,-45.783298,-284.5,4331.33
906,61.304861,-45.783377,-284.5,4336.12
907,61.304853,-45.783456,-284.4,4340.9
908,61.304844,-45.783535,-284.4,4345.69
909,61.304837,-45.783614,-284.4,4350.47
910,61.304832,-45.783694,-284.4,4355.26
911,61.304828,-45.783775,-284.3,4360.05
912,61.304823,-45.783855,-284.2,4364.83
913,61.304819,-45.783935,-284.2,4369.62
914,61.304812,-45.784016,-284.1,4374.4
915,61.304803,-45.784096,-284.1,4379.19
916,61.304795,-45.784177,-284.0,4383.98
917,61.304789,-45.784258,-283.9,4388.76
918,61.304782,-45.78434,-283.8,4393.55
919,61.304775,-45.784421,-283.7,4398.33
920,61.304768,-45.784502,-283.6,4403.12
921,61.30475,-45.784631,-284.1,4407.91
922,61.304738,-45.784775,-283.9,4412.69
923,61.304737,-45.784922,-283.7,4417.48
924,61.304736,-45.785069,-283.7,4422.26
925,61.304735,-45.785216,-283.8,4427.05
926,61.304731,-45.785362,-283.9,4431.84
927,61.304721,-45.785507,-283.8,4436.62
928,61.304708,-45.785651,-284.1,4441.41
929,61.304689,-45.785793,-284.9,4446.19
930,61.304671,-45.785934,-285.8,4450.98
931,61.304658,-45.786021,-285.9,4455.77
932,61.304646,-45.786094,-285.9,4460.55
933,61.304635,-45.786166,-285.9,4465.34
934,61.304624,-45.786239,-285.9,4470.12
935,61.304613,-45.786311,-285.9,4474.91
936,61.304605,-45.786385,-285.8,4479.7
937,61.304602,-45.786461,-285.8,4484.48
938,61.304598,-45.786537,-285.7,4489.27
939,61.304595,-45.786613,-285.6,4494.05
940,61.304592,-45.786689,-285.6,4498.84
941,61.304584,-45.786763,-285.6,4503.63
942,61.304575,-45.786837,-285.6,4508.41
943,61.304567,-45.786911,-285.6,4513.2
944,61.304564,-45.786987,-285.5,4517.98
945,61.304561,-45.787063,-285.3,4522.77
946,61.304558,-45.787139,-285.1,4527.56
947,61.304555,-45.787215,-285.0,4532.34
948,61.304407,-45.787155,-287.1,4537.13
949,61.304496,-45.787327,-285.5,4541.91
950,61.303621,-45.78547,-297.0,4546.7
951,61.303579,-45.785404,-300.2,4551.49
952,61.303536,-45.785339,-302.2,4556.27
953,61.303491,-45.785277,-302.2,4561.06
954,61.303399,-45.78522,-302.3,4565.84
955,61.30309,-45.785108,-302.7,4570.63
956,61.30301,-45.785055,-302.8,4575.42
957,61.302972,-45.78491,-302.7,4580.2
958,61.3029,-45.784808,-302.7,4584.99
959,61.302828,-45.784706,-302.4,4589.77
960,61.30276,-45.784592,-302.3,4594.56
961,61.302716,-45.784435,-302.1,4599.35
962,61.302636,-45.784367,-302.0,4604.13
963,61.302585,-45.784223,-301.8,4608.92
964,61.302503,-45.784214,-301.9,4613.7
965,61.302445,-45.784101,-301.7,4618.49
966,61.302373,-45.784015,-301.6,4623.28
967,61.30229,-45.784031,-303.6,4628.06
968,61.302215,-45.784119,-305.0,4632.85
969,61.302149,-45.784237,-305.3,4637.63
970,61.302099,-45.784383,-305.6,4642.42
971,61.302071,-45.784553,-305.8,4647.21
972,61.302057,-45.784732,-305.9,4651.99
973,61.302045,-45.784912,-306.1,4656.78
974,61.302033,-45.785092,-306.1,4661.56
975,61.302008,-45.785266,-305.9,4666.35
976,61.301977,-45.785436,-305.9,4671.14
977,61.301946,-45.785606,-305.9,4675.92
978,61.301926,-45.785782,-305.8,4680.71
979,61.301912,-45.785961,-305.8,4685.49
980,61.301905,-45.786142,-305.8,4690.28
981,61.301902,-45.786323,-305.8,4695.07
982,61.301902,-45.786403,-305.8,4699.85
983,61.301903,-45.786459,-305.8,4704.64
984,61.301905,-45.786514,-305.8,4709.42
985,61.301906,-45.78657,-305.8,4714.21
986,61.301907,-45.786625,-305.8,4719.0
987,61.301908,-45.786681,-305.8,4723.78
988,61.301909,-45.786736,-305.8,4728.57
989,61.30191,-45.786792,-305.8,4733.35
990,61.301909,-45.786847,-305.8,4738.14
991,61.301909,-45.786903,-305.8,4742.93
992,61.301908,-45.786959,-305.8,4747.71
993,61.301907,-45.787014,-305.8,4752.5
994,61.301907,-45.78707,-305.8,4757.28
995,61.301906,-45.787125,-305.8,4762.07
996,61.301906,-45.787181,-305.7,4766.86
997,61.301906,-45.787236,-305.7,4771.64
998,61.301906,-45.787292,-305.6,4776.43
999,61.301906,-45.787347,-305.5,4781.21
1000,61.301906,-45.787403,-305.5,4786.0
1001,61.301906,-45.787458,-305.4,4790.79
1002,61.301905,-45.787514,-305.3,4795.57
1003,61.301905,-45.78757,-305.3,4800.36
1004,61.301907,-45.787625,-305.2,4805.14
1005,61.30191,-45.78768,-305.1,4809.93
1006,61.301912,-45.787736,-304.9,4814.72
1007,61.301915,-45.787791,-304.8,4819.5
1008,61.301917,-45.787846,-304.7,4824.29
1009,61.301919,-45.787902,-304.6,4829.07
1010,61.301922,-45.787957,-304.5,4833.86
1011,61.301924,-45.788012,-304.3,4838.65
1012,61.301925,-45.788241,-303.6,4843.43
1013,61.301896,-45.78848,-302.8,4848.22
1014,61.301868,-45.788719,-302.1,4853.0
1015,61.301848,-45.788962,-301.5,4857.79
1016,61.301801,-45.788795,-302.0,4862.58
1017,61.30175,-45.788916,-301.8,4867.36
1018,61.301728,-45.789158,-301.3,4872.15
1019,61.301721,-45.789404,-300.9,4876.93
1020,61.301729,-45.78965,-300.6,4881.72
1021,61.301741,-45.789863,-300.3,4886.51
1022,61.301754,-45.790007,-300.2,4891.29
1023,61.301768,-45.790151,-300.0,4896.08
1024,61.301781,-45.790295,-299.6,4900.86
1025,61.301795,-45.790439,-299.0,4905.65
1026,61.301809,-45.790583,-298.5,4910.44
1027,61.301822,-45.790727,-298.5,4915.22
1028,61.301835,-45.790872,-298.5,4920.01
1029,61.301847,-45.791016,-298.6,4924.79
1030,61.30186,-45.79116,-298.6,4929.58
1031,61.301874,-45.791304,-298.7,4934.37
1032,61.301887,-45.791448,-298.7,4939.15
1033,61.3019,-45.791592,-298.8,4943.94
1034,61.301921,-45.791732,-298.8,4948.72
1035,61.301944,-45.791871,-298.9,4953.51
1036,61.301966,-45.79201,-298.9,4958.3
1037,61.301988,-45.79215,-299.0,4963.08
1038,61.302007,-45.792291,-299.2,4967.87
1039,61.302027,-45.792432,-299.3,4972.65
1040,61.302047,-45.792573,-299.5,4977.44
1041,61.302077,-45.792705,-299.5,4982.23
1042,61.30211,-45.792835,-299.5,4987.01
1043,61.302143,-45.792965,-299.5,4991.8
1044,61.302177,-45.793093,-299.8,4996.58
1045,61.302211,-45.793222,-300.2,5001.37
1046,61.302245,-45.79335,-300.5,5006.16
1047,61.302279,-45.793479,-300.9,5010.94
1048,61.302309,-45.793611,-301.1,5015.73
1049,61.302336,-45.79374,-301.2,5020.51
1050,61.302353,-45.793826,-301.2,5025.3
1051,61.30237,-45.793911,-301.3,5030.09
1052,61.302387,-45.793997,-301.4,5034.87
1053,61.302404,-45.794083,-301.5,5039.66
1054,61.302421,-45.794168,-301.6,5044.44
1055,61.302438,-45.794254,-301.6,5049.23
1056,61.302459,-45.794335,-301.9,5054.02
1057,61.302481,-45.794416,-302.3,5058.8
1058,61.302503,-45.794496,-302.6,5063.59
1059,61.302525,-45.794577,-302.9,5068.37
1060,61.302547,-45.794658,-303.2,5073.16
1061,61.302568,-45.794738,-303.5,5077.95
1062,61.30259,-45.794819,-303.8,5082.73
1063,61.302612,-45.7949,-303.9,5087.52
1064,61.302634,-45.79498,-304.0,5092.3
1065,61.302656,-45.795061,-304.0,5097.09
1066,61.302678,-45.795142,-304.1,5101.88
1067,61.3027,-45.795222,-304.1,5106.66
1068,61.302721,-45.795303,-304.1,5111.45
1069,61.302743,-45.795384,-304.2,5116.23
1070,61.302764,-45.795466,-304.3,5121.02
1071,61.302784,-45.795548,-304.3,5125.81
1072,61.302805,-45.795629,-304.4,5130.59
1073,61.302826,-45.795711,-304.5,5135.38
1074,61.302847,-45.795793,-304.6,5140.16
1075,61.302867,-45.795875,-304.6,5144.95
1076,61.302888,-45.795957,-304.9,5149.74
1077,61.302908,-45.796039,-305.3,5154.52
1078,61.302929,-45.796121,-305.6,5159.31
1079,61.30295,-45.796204,-305.9,5164.09
1080,61.30297,-45.796286,-306.3,5168.88
1081,61.302991,-45.796368,-306.6,5173.67
1082,61.303011,-45.796451,-306.9,5178.45
1083,61.303034,-45.79655,-307.0,5183.24
1084,61.303056,-45.796649,-307.0,5188.02
1085,61.303078,-45.796747,-307.0,5192.81
1086,61.3031,-45.796846,-307.1,5197.6
1087,61.303123,-45.796944,-307.1,5202.38
1088,61.303145,-45.797043,-307.2,5207.17
1089,61.303169,-45.79714,-307.2,5211.95
1090,61.303195,-45.797234,-307.2,5216.74
1091,61.303221,-45.797329,-307.1,5221.53
1092,61.303246,-45.797424,-307.1,5226.31
1093,61.303269,-45.797522,-307.1,5231.1
1094,61.303293,-45.797619,-307.1,5235.88
1095,61.303312,-45.79772,-307.1,5240.67
1096,61.303317,-45.797828,-307.1,5245.46
1097,61.303323,-45.797936,-307.1,5250.24
1098,61.303319,-45.798045,-307.1,5255.03
1099,61.303314,-45.798153,-307.0,5259.81
1100,61.30331,-45.798261,-306.9,5264.6
1101,61.303325,-45.798365,-306.8,5269.39
1102,61.303341,-45.798469,-306.7,5274.17
1103,61.303361,-45.79857,-306.2,5278.96
1104,61.303381,-45.79867,-305.7,5283.74
1105,61.303401,-45.798771,-305.1,5288.53
1106,61.303422,-45.798871,-304.5,5293.32
1107,61.30345,-45.799024,-303.2,5298.1
1108,61.30348,-45.799185,-302.0,5302.89
1109,61.303506,-45.799349,-302.3,5307.67
1110,61.303532,-45.799513,-302.5,5312.46
1111,61.303562,-45.799674,-303.3,5317.25
1112,61.303596,-45.799831,-304.7,5322.03
1113,61.303629,-45.799989,-306.1,5326.82
1114,61.303666,-45.800145,-307.0,5331.6
1115,61.303703,-45.800299,-307.8,5336.39
1116,61.303739,-45.800454,-308.5,5341.18
1117,61.303783,-45.800601,-309.3,5345.96
1118,61.303834,-45.800735,-310.0,5350.75
1119,61.303891,-45.800862,-310.6,5355.53
1120,61.303942,-45.800997,-310.9,5360.32
1121,61.303986,-45.801143,-310.9,5365.11
1122,61.304028,-45.801291,-310.8,5369.89
1123,61.304066,-45.801445,-310.7,5374.68
1124,61.304104,-45.801599,-310.5,5379.46
1125,61.304129,-45.801763,-310.4,5384.25
1126,61.304155,-45.801928,-310.3,5389.04
1127,61.304183,-45.802091,-310.3,5393.82
1128,61.304211,-45.802253,-310.2,5398.61
1129,61.304235,-45.802418,-310.2,5403.39
1130,61.304256,-45.802585,-310.2,5408.18
1131,61.304275,-45.802753,-310.2,5412.97
1132,61.304292,-45.802922,-310.2,5417.75
1133,61.304306,-45.803092,-309.8,5422.54
1134,61.304319,-45.803251,-309.3,5427.32
1135,61.304318,-45.803242,-309.3,5432.11
1136,61.304317,-45.803234,-309.4,5436.9
1137,61.304316,-45.803226,-309.4,5441.68
1138,61.304315,-45.803218,-309.4,5446.47
1139,61.304314,-45.80321,-309.4,5451.25
1140,61.304313,-45.803201,-309.4,5456.04
1141,61.304312,-45.803193,-309.4,5460.83
1142,61.304311,-45.803185,-309.4,5465.61
1143,61.30431,-45.803177,-309.4,5470.4
1144,61.304309,-45.803169,-309.4,5475.18
1145,61.304307,-45.80316,-309.4,5479.97
1146,61.304306,-45.803152,-309.4,5484.76
1147,61.304305,-45.803144,-309.4,5489.54
1148,61.304304,-45.803136,-309.4,5494.33
1149,61.304303,-45.803128,-309.4,5499.11
1150,61.304302,-45.80312,-309.5,5503.9
1151,61.304301,-45.803111,-309.5,5508.69
1152,61.3043,-45.803103,-309.5,5513.47
1153,61.304299,-45.803095,-309.5,5518.26
1154,61.304298,-45.803087,-309.5,5523.04
1155,61.304297,-45.803079,-309.5,5527.83
1156,61.304296,-45.80307,-309.5,5532.62
1157,61.304295,-45.803062,-309.5,5537.4
1158,61.304294,-45.803054,-309.5,5542.19
1159,61.304293,-45.803046,-309.5,5546.97
1160,61.304292,-45.803038,-309.5,5551.76
1161,61.304291,-45.803029,-309.5,5556.55
1162,61.304285,-45.802995,-309.6,5561.33
1163,61.304268,-45.802892,-309.9,5566.12
1164,61.304262,-45.802849,-310.2,5570.9
1165,61.304283,-45.802949,-310.2,5575.69
1166,61.304309,-45.803044,-310.0,5580.48
1167,61.304337,-45.803137,-309.7,5585.26
1168,61.304364,-45.80323,-309.5,5590.05
1169,61.304392,-45.803322,-309.2,5594.83
1170,61.304426,-45.803406,-309.1,5599.62
1171,61.30446,-45.80349,-309.0,5604.41
1172,61.304493,-45.803574,-308.9,5609.19
1173,61.304527,-45.803658,-308.8,5613.98
1174,61.304557,-45.803731,-308.5,5618.76
1175,61.304584,-45.803797,-308.0,5623.55
1176,61.304611,-45.803862,-307.5,5628.34
1177,61.304639,-45.803928,-307.0,5633.12
1178,61.304666,-45.803994,-306.5,5637.91
1179,61.304694,-45.804057,-306.3,5642.69
1180,61.304723,-45.804121,-306.1,5647.48
1181,61.304751,-45.804184,-305.9,5652.27
1182,61.304779,-45.804248,-305.8,5657.05
1183,61.304807,-45.804313,-305.7,5661.84
1184,61.304834,-45.804379,-305.6,5666.62
1185,61.304862,-45.804444,-305.5,5671.41
1186,61.304889,-45.804509,-305.4,5676.2
1187,61.304912,-45.804582,-305.2,5680.98
1188,61.304935,-45.804654,-305.0,5685.77
1189,61.304959,-45.804726,-304.8,5690.55
1190,61.304982,-45.804798,-304.6,5695.34
1191,61.305002,-45.804874,-304.4,5700.13
1192,61.305023,-45.80495,-304.2,5704.91
1193,61.305043,-45.805026,-304.0,5709.7
1194,61.305063,-45.805102,-303.8,5714.48
1195,61.305083,-45.805178,-303.6,5719.27
1196,61.305102,-45.805255,-303.4,5724.06
1197,61.305121,-45.805332,-303.2,5728.84
1198,61.30514,-45.80541,-303.0,5733.63
1199,61.305159,-45.805487,-302.8,5738.41
1200,61.305178,-45.805564,-302.6,5743.2
1201,61.305196,-45.805642,-302.4,5747.99
1202,61.305215,-45.805719,-302.1,5752.77
1203,61.305234,-45.805797,-301.8,5757.56
1204,61.305253,-45.805874,-301.6,5762.34
1205,61.305272,-45.805951,-301.3,5767.13
1206,61.305291,-45.806029,-301.0,5771.92
1207,61.305313,-45.806117,-300.9,5776.7
1208,61.305338,-45.806215,-300.9,5781.49
1209,61.305362,-45.806312,-300.8,5786.27
1210,61.305387,-45.80641,-300.8,5791.06
1211,61.30541,-45.806508,-300.8,5795.85
1212,61.305434,-45.806606,-300.8,5800.63
1213,61.305458,-45.806705,-300.8,5805.42
1214,61.305481,-45.806803,-300.8,5810.2
1215,61.305504,-45.806903,-300.8,5814.99
1216,61.305526,-45.807002,-300.8,5819.78
1217,61.305549,-45.807101,-300.8,5824.56
1218,61.305574,-45.807198,-300.8,5829.35
1219,61.305599,-45.807295,-300.7,5834.13
1220,61.305624,-45.807392,-300.7,5838.92
1221,61.305649,-45.807489,-300.7,5843.71
1222,61.305666,-45.807555,-300.6,5848.49
1223,61.305682,-45.807618,-300.6,5853.28
1224,61.305698,-45.807682,-300.5,5858.06
1225,61.305715,-45.807746,-300.4,5862.85
1226,61.305731,-45.80781,-300.4,5867.64
1227,61.305747,-45.807874,-300.3,5872.42
1228,61.305764,-45.807937,-300.3,5877.21
1229,61.305781,-45.807999,-300.2,5881.99
1230,61.305799,-45.808062,-300.1,5886.78
1231,61.305816,-45.808125,-300.1,5891.57
1232,61.305833,-45.808188,-300.0,5896.35
1233,61.30585,-45.808251,-300.0,5901.14
1234,61.305867,-45.808314,-300.0,5905.92
1235,61.305884,-45.808377,-300.0,5910.71
1236,61.305901,-45.80844,-300.0,5915.5
1237,61.305914,-45.808507,-300.0,5920.28
1238,61.305926,-45.808575,-300.0,5925.07
1239,61.305938,-45.808642,-300.0,5929.85
1240,61.30595,-45.80871,-300.0,5934.64
1241,61.305962,-45.808778,-300.0,5939.43
1242,61.305974,-45.808846,-300.0,5944.21
1243,61.305986,-45.808913,-300.0,5949.0
1244,61.305999,-45.80898,-300.0,5953.78
1245,61.306012,-45.809048,-300.0,5958.57
1246,61.306024,-45.809115,-300.0,5963.36
1247,61.306037,-45.809182,-300.0,5968.14
1248,61.30605,-45.809249,-300.0,5972.93
1249,61.306064,-45.80933,-300.0,5977.71
1250,61.306079,-45.809411,-300.0,5982.5
1251,61.306093,-45.809492,-300.0,5987.29
1252,61.306108,-45.809573,-300.0,5992.07
1253,61.306122,-45.809654,-300.0,5996.86
1254,61.306137,-45.809735,-300.0,6001.64
1255,61.306152,-45.809816,-300.0,6006.43
1256,61.306167,-45.809896,-300.0,6011.22
1257,61.306182,-45.809977,-300.0,6016.0
1258,61.306197,-45.810057,-300.0,6020.79
1259,61.306212,-45.810138,-300.0,6025.57
1260,61.306227,-45.810219,-300.0,6030.36
1261,61.306242,-45.810299,-300.0,6035.15
1262,61.306257,-45.810379,-300.0,6039.93
1263,61.306273,-45.81046,-300.0,6044.72
1264,61.306288,-45.81054,-300.0,6049.5
1265,61.306304,-45.810619,-300.0,6054.29
1266,61.306323,-45.810697,-300.0,6059.08
1267,61.306341,-45.810774,-300.0,6063.86
1268,61.30636,-45.810851,-300.0,6068.65
1269,61.306378,-45.810929,-300.0,6073.43
1270,61.306397,-45.811006,-300.0,6078.22
1271,61.306416,-45.811082,-300.0,6083.01
1272,61.306436,-45.811159,-300.0,6087.79
1273,61.306455,-45.811236,-300.0,6092.58
1274,61.306474,-45.811312,-300.0,6097.36
1275,61.306494,-45.811388,-300.0,6102.15
1276,61.306514,-45.811464,-300.0,6106.94
1277,61.306533,-45.81154,-300.0,6111.72
1278,61.306553,-45.811616,-300.0,6116.51
1279,61.306573,-45.811692,-300.0,6121.29
1280,61.306593,-45.811768,-300.0,6126.08
1281,61.306612,-45.811839,-300.0,6130.87
1282,61.306631,-45.811907,-300.0,6135.65
1283,61.306649,-45.811975,-300.0,6140.44
1284,61.306668,-45.812043,-300.0,6145.22
1285,61.306687,-45.812111,-300.0,6150.01
1286,61.306705,-45.812179,-300.0,6154.8
1287,61.306725,-45.812246,-300.0,6159.58
1288,61.306744,-45.812312,-299.9,6164.37
1289,61.306764,-45.812378,-299.9,6169.15
1290,61.306784,-45.812445,-299.9,6173.94
1291,61.306804,-45.812511,-299.8,6178.73
1292,61.306824,-45.812577,-299.8,6183.51
1293,61.306841,-45.812647,-299.8,6188.3
1294,61.306859,-45.812716,-299.8,6193.08
1295,61.306876,-45.812785,-299.8,6197.87
1296,61.306894,-45.812854,-299.8,6202.66
1297,61.306911,-45.812924,-299.8,6207.44
1298,61.30693,-45.812991,-299.8,6212.23
1299,61.30695,-45.813058,-299.8,6217.01
1300,61.306969,-45.813124,-299.8,6221.8
1301,61.306989,-45.813191,-299.8,6226.59
1302,61.307009,-45.813258,-299.7,6231.37
1303,61.307028,-45.813325,-299.7,6236.16
1304,61.307045,-45.813394,-299.6,6240.94
1305,61.307062,-45.813464,-299.5,6245.73
1306,61.307079,-45.813534,-299.5,6250.52
1307,61.307096,-45.813604,-299.4,6255.3
1308,61.307113,-45.813673,-299.3,6260.09
1309,61.30713,-45.813743,-299.2,6264.87
1310,61.307147,-45.813813,-299.0,6269.66
1311,61.307163,-45.813883,-298.9,6274.45
1312,61.30718,-45.813953,-298.7,6279.23
1313,61.307197,-45.814023,-298.6,6284.02
1314,61.307214,-45.814094,-298.4,6288.8
1315,61.30723,-45.814171,-298.2,6293.59
1316,61.307246,-45.814249,-297.9,6298.38
1317,61.307263,-45.814326,-297.6,6303.16
1318,61.307279,-45.814403,-297.4,6307.95
1319,61.307295,-45.81448,-297.1,6312.73
1320,61.307312,-45.814557,-296.8,6317.52
1321,61.307324,-45.814637,-296.4,6322.31
1322,61.307337,-45.814717,-295.9,6327.09
1323,61.307349,-45.814797,-295.4,6331.88
1324,61.307361,-45.814878,-294.9,6336.66
1325,61.307373,-45.814958,-294.4,6341.45
1326,61.307385,-45.815039,-293.9,6346.24
1327,61.307397,-45.815119,-293.4,6351.02
1328,61.30741,-45.815199,-293.1,6355.81
1329,61.307422,-45.815279,-292.8,6360.59
1330,61.307435,-45.815359,-292.5,6365.38
1331,61.307448,-45.815439,-292.2,6370.17
1332,61.307461,-45.815519,-292.0,6374.95
1333,61.307473,-45.815599,-291.7,6379.74
1334,61.307484,-45.81568,-291.5,6384.52
1335,61.307495,-45.815761,-291.3,6389.31
1336,61.307507,-45.815842,-291.1,6394.1
1337,61.307518,-45.815923,-290.9,6398.88
1338,61.307529,-45.816003,-290.7,6403.67
1339,61.307543,-45.816083,-290.6,6408.45
1340,61.307556,-45.816162,-290.4,6413.24
1341,61.307569,-45.816242,-290.3,6418.03
1342,61.307583,-45.816321,-290.2,6422.81
1343,61.307596,-45.816401,-290.0,6427.6
1344,61.30761,-45.816467,-290.0,6432.38
1345,61.307624,-45.816531,-290.0,6437.17
1346,61.307637,-45.816596,-290.0,6441.96
1347,61.307651,-45.816661,-290.0,6446.74
1348,61.307665,-45.816725,-290.0,6451.53
1349,61.307679,-45.81679,-290.0,6456.31
1350,61.307693,-45.816854,-290.0,6461.1
1351,61.307707,-45.816919,-290.0,6465.89
1352,61.307722,-45.816983,-290.0,6470.67
1353,61.307736,-45.817047,-290.0,6475.46
1354,61.30775,-45.817111,-290.0,6480.24
1355,61.307764,-45.817176,-290.0,6485.03
1356,61.307778,-45.81724,-290.0,6489.82
1357,61.307792,-45.817305,-290.0,6494.6
1358,61.307806,-45.81737,-290.0,6499.39
1359,61.307819,-45.817435,-290.0,6504.17
1360,61.307833,-45.8175,-290.0,6508.96
1361,61.307846,-45.817564,-290.0,6513.75
1362,61.30786,-45.817629,-290.0,6518.53
1363,61.307874,-45.817694,-290.0,6523.32
1364,61.307888,-45.817758,-290.0,6528.1
1365,61.307902,-45.817823,-290.0,6532.89
1366,61.307912,-45.817891,-290.0,6537.68
1367,61.30792,-45.817959,-290.0,6542.46
1368,61.307928,-45.818028,-290.0,6547.25
1369,61.307937,-45.818096,-290.0,6552.03
1370,61.307945,-45.818165,-290.0,6556.82
1371,61.307952,-45.818234,-290.0,6561.61
1372,61.307959,-45.818304,-290.0,6566.39
1373,61.307965,-45.818373,-290.0,6571.18
1374,61.307971,-45.818443,-290.0,6575.96
1375,61.307978,-45.818512,-290.0,6580.75
1376,61.307985,-45.818583,-290.0,6585.54
1377,61.307995,-45.818665,-290.0,6590.32
1378,61.308005,-45.818747,-290.0,6595.11
1379,61.308016,-45.818829,-290.0,6599.89
1380,61.308026,-45.818911,-290.0,6604.68
1381,61.308039,-45.818992,-290.0,6609.47
1382,61.308055,-45.81907,-290.0,6614.25
1383,61.30807,-45.819148,-290.0,6619.04
1384,61.308086,-45.819226,-290.0,6623.82
1385,61.308102,-45.819305,-290.0,6628.61
1386,61.30812,-45.819381,-290.0,6633.4
1387,61.308138,-45.819456,-290.0,6638.18
1388,61.308157,-45.819532,-290.0,6642.97
1389,61.308176,-45.819607,-290.0,6647.75
1390,61.308194,-45.819683,-290.0,6652.54
1391,61.308213,-45.819759,-290.0,6657.33
1392,61.308231,-45.819835,-290.0,6662.11
1393,61.308249,-45.81991,-290.0,6666.9
1394,61.308267,-45.819986,-290.0,6671.68
1395,61.308286,-45.820062,-290.0,6676.47
1396,61.308304,-45.820138,-288.7,6681.26
1397,61.308321,-45.820215,-282.4,6686.04
1398,61.308339,-45.820291,-276.2,6690.83
1399,61.308357,-45.820368,-269.9,6695.61
1400,61.308374,-45.820444,-257.6,6700.4
1401,61.308392,-45.82052,-240.7,6705.19
1402,61.30841,-45.820596,-223.7,6709.97
1403,61.308428,-45.820673,-206.8,6714.76
1404,61.308446,-45.820749,-189.8,6719.54
1405,61.308453,-45.820781,-181.6,6724.33
1406,61.308456,-45.820793,-177.2,6729.12
1407,61.308458,-45.820805,-172.8,6733.9
1408,61.308461,-45.820817,-168.4,6738.69
1409,61.308464,-45.82083,-164.0,6743.47
1410,61.308467,-45.820842,-159.6,6748.26
1411,61.308469,-45.820854,-155.2,6753.05
1412,61.308472,-45.820866,-150.8,6757.83
1413,61.308475,-45.820878,-146.5,6762.62
1414,61.308477,-45.820891,-142.1,6767.4
1415,61.30848,-45.820903,-137.7,6772.19
1416,61.308483,-45.820915,-133.3,6776.98
1417,61.308485,-45.820927,-128.9,6781.76
1418,61.308488,-45.820939,-124.5,6786.55
1419,61.308491,-45.820952,-120.1,6791.33
1420,61.308494,-45.820964,-115.7,6796.12
1421,61.308496,-45.820976,-111.3,6800.91
1422,61.308499,-45.820988,-106.9,6805.69
1423,61.308502,-45.821,-102.5,6810.48
1424,61.308504,-45.821013,-98.2,6815.26
1425,61.308507,-45.821025,-93.8,6820.05
1426,61.30851,-45.821037,-89.4,6824.84
1427,61.308512,-45.821049,-85.0,6829.62
1428,61.308515,-45.821061,-80.6,6834.41
1429,61.308518,-45.821074,-76.2,6839.19
1430,61.30852,-45.821086,-71.8,6843.98
1431,61.308523,-45.821098,-67.4,6848.77
1432,61.308526,-45.82111,-63.0,6853.55
1433,61.308529,-45.821123,-58.6,6858.34
1434,61.308531,-45.821135,-54.5,6863.12
1435,61.308534,-45.821147,-54.4,6867.91
1436,61.308536,-45.821159,-54.2,6872.7
1437,61.308539,-45.821172,-54.1,6877.48
1438,61.308542,-45.821184,-53.9,6882.27
1439,61.308544,-45.821196,-53.8,6887.05
1440,61.308547,-45.821209,-53.6,6891.84
1441,61.308549,-45.821221,-53.5,6896.63
1442,61.308552,-45.821233,-53.3,6901.41
1443,61.308555,-45.821245,-53.2,6906.2
1444,61.308557,-45.821258,-53.1,6910.98
1445,61.30856,-45.82127,-52.9,6915.77
1446,61.308562,-45.821282,-52.8,6920.56
1447,61.308565,-45.821295,-52.6,6925.34
1448,61.308568,-45.821307,-52.5,6930.13
1449,61.30857,-45.821319,-52.3,6934.91
1450,61.308573,-45.821331,-52.2,6939.7
1451,61.308575,-45.821344,-52.1,6944.49
1452,61.308578,-45.821356,-51.9,6949.27
1453,61.308581,-45.821368,-51.8,6954.06
1454,61.308583,-45.821381,-51.6,6958.84
1455,61.308586,-45.821393,-51.5,6963.63
1456,61.308588,-45.821405,-51.3,6968.42
1457,61.308591,-45.821418,-51.2,6973.2
1458,61.308594,-45.82143,-51.0,6977.99
1459,61.308596,-45.821442,-50.9,6982.77
1460,61.308599,-45.821454,-50.8,6987.56
1461,61.308601,-45.821467,-50.6,6992.35
1462,61.308604,-45.821479,-50.5,6997.13
1463,61.308607,-45.821491,-50.3,7001.92
1464,61.308609,-45.821504,-50.2,7006.7
1465,61.308612,-45.821516,-50.0,7011.49
1466,61.308614,-45.821528,-49.9,7016.28
1467,61.308618,-45.82154,-49.6,7021.06
1468,61.308621,-45.821551,-49.1,7025.85
1469,61.308625,-45.821561,-48.7,7030.63
1470,61.308629,-45.821572,-48.3,7035.42
1471,61.308633,-45.821583,-47.8,7040.21
1472,61.308637,-45.821594,-47.4,7044.99
1473,61.30864,-45.821605,-47.0,7049.78
1474,61.308644,-45.821616,-46.5,7054.56
1475,61.308648,-45.821627,-46.1,7059.35
1476,61.308652,-45.821638,-45.7,7064.14
1477,61.308655,-45.821649,-45.2,7068.92
1478,61.308659,-45.82166,-44.8,7073.71
1479,61.308663,-45.82167,-44.4,7078.49
1480,61.308667,-45.821681,-43.9,7083.28
1481,61.30867,-45.821692,-43.5,7088.07
1482,61.308674,-45.821703,-43.1,7092.85
1483,61.308678,-45.821714,-42.6,7097.64
1484,61.308682,-45.821725,-42.2,7102.42
1485,61.308686,-45.821736,-41.8,7107.21
1486,61.308689,-45.821747,-41.4,7112.0
1487,61.308693,-45.821758,-40.9,7116.78
1488,61.308697,-45.821769,-40.5,7121.57
1489,61.308701,-45.821779,-40.1,7126.35
1490,61.308704,-45.82179,-39.6,7131.14
1491,61.308708,-45.821801,-39.2,7135.93
1492,61.308712,-45.821812,-38.8,7140.71
1493,61.308716,-45.821823,-38.3,7145.5
1494,61.308719,-45.821834,-37.9,7150.28
1495,61.308723,-45.821845,-37.5,7155.07
1496,61.308727,-45.821856,-37.0,7159.86
1497,61.308731,-45.821867,-36.6,7164.64
1498,61.308735,-45.821878,-36.2,7169.43
1499,61.308738,-45.821888,-35.7,7174.21
1500,61.308742,-45.821899,-35.3,7179.0
1501,61.308746,-45.82191,-34.9,7183.79
1502,61.30875,-45.821921,-34.4,7188.57
1503,61.308753,-45.821932,-34.0,7193.36
1504,61.308757,-45.821943,-33.6,7198.14
1505,61.308761,-45.821954,-33.1,7202.93
1506,61.308765,-45.821965,-32.7,7207.72
1507,61.308768,-45.821976,-32.3,7212.5
1508,61.308772,-45.821987,-31.8,7217.29
1509,61.308776,-45.821997,-31.4,7222.07
1510,61.30878,-45.822008,-31.0,7226.86
1511,61.308784,-45.822019,-30.5,7231.65
1512,61.308787,-45.82203,-30.1,7236.43
1513,61.308791,-45.822041,-29.7,7241.22
1514,61.308795,-45.822052,-29.3,7246.0
1515,61.308799,-45.822063,-28.8,7250.79
1516,61.308802,-45.822074,-28.4,7255.58
1517,61.308806,-45.822085,-28.0,7260.36
1518,61.30881,-45.822096,-27.5,7265.15
1519,61.308814,-45.822107,-27.1,7269.93
1520,61.308817,-45.822117,-26.7,7274.72
1521,61.308821,-45.822128,-26.2,7279.51
1522,61.308825,-45.822139,-25.8,7284.29
1523,61.308829,-45.82215,-25.4,7289.08
1524,61.308833,-45.822161,-24.9,7293.86
1525,61.308836,-45.822172,-24.5,7298.65
1526,61.30884,-45.822183,-24.1,7303.44
1527,61.308844,-45.822194,-23.6,7308.22
1528,61.308848,-45.822205,-23.2,7313.01
1529,61.308851,-45.822216,-22.8,7317.79
1530,61.308855,-45.822226,-22.3,7322.58
1531,61.308859,-45.822237,-21.9,7327.37
1532,61.308863,-45.822248,-21.5,7332.15
1533,61.308866,-45.822259,-21.0,7336.94
1534,61.30887,-45.82227,-20.6,7341.72
1535,61.308874,-45.822281,-20.2,7346.51
1536,61.308878,-45.822292,-19.7,7351.3
1537,61.308882,-45.822303,-19.3,7356.08
1538,61.308885,-45.822314,-18.9,7360.87
1539,61.308889,-45.822325,-18.4,7365.65
1540,61.308893,-45.822335,-18.0,7370.44
1541,61.308897,-45.822346,-17.6,7375.23
1542,61.3089,-45.822357,-17.2,7380.01
1543,61.308904,-45.822368,-16.7,7384.8
1544,61.308908,-45.822379,-16.3,7389.58
1545,61.308912,-45.82239,-15.9,7394.37
1546,61.308915,-45.822401,-15.4,7399.16
1547,61.308919,-45.822412,-15.0,7403.94
1548,61.308923,-45.822423,-14.6,7408.73
1549,61.308927,-45.822434,-14.1,7413.51
1550,61.308931,-45.822444,-13.7,7418.3
1551,61.308934,-45.822455,-13.3,7423.09
1552,61.308938,-45.822466,-12.8,7427.87
1553,61.308942,-45.822477,-12.4,7432.66
1554,61.308946,-45.822488,-12.0,7437.44
1555,61.308949,-45.822499,-11.5,7442.23
1556,61.308953,-45.82251,-11.1,7447.02
1557,61.308957,-45.822521,-10.7,7451.8
1558,61.308961,-45.822532,-10.2,7456.59
1559,61.308964,-45.822543,-9.8,7461.37
1560,61.308968,-45.822553,-9.4,7466.16
1561,61.308972,-45.822564,-8.9,7470.95
1562,61.308976,-45.822575,-8.5,7475.73
1563,61.30898,-45.822586,-8.1,7480.52
1564,61.308983,-45.822597,-7.6,7485.3
1565,61.308987,-45.822608,-7.2,7490.09
1566,61.308991,-45.822619,-6.8,7494.88
1567,61.308995,-45.82263,-6.4,7499.66
1568,61.308998,-45.822641,-5.9,7504.45
1569,61.309002,-45.822652,-5.5,7509.23
1570,61.309006,-45.822662,-5.1,7514.02
1571,61.30901,-45.822673,-4.6,7518.81
1572,61.309013,-45.822684,-4.2,7523.59
1573,61.309017,-45.822695,-3.8,7528.38
1574,61.309021,-45.822706,-3.3,7533.16
1575,61.309025,-45.822717,-2.9,7537.95
1576,61.309029,-45.822728,-2.5,7542.74
1577,61.309032,-45.822739,-2.0,7547.52
1578,61.309036,-45.82275,-1.6,7552.31
1579,61.30904,-45.822761,-1.2,7557.09
1580,61.309044,-45.822772,-0.7,7561.88
1581,61.309047,-45.822782,-0.3,7566.67
1582,61.309045,-45.82281,0.8,7571.45
1583,61.309027,-45.822875,3.3,7576.24
1584,61.30901,-45.822941,5.9,7581.02
1585,61.308992,-45.823006,8.4,7585.81
1586,61.308974,-45.823071,11.0,7590.6
1587,61.308957,-45.823137,13.5,7595.38
1588,61.30894,-45.8232,16.0,7600.17
1589,61.30894,-45.8232,16.0,7604.95
1590,61.30894,-45.8232,16.0,7609.74
1591,61.30894,-45.8232,16.0,7614.53
1592,61.30894,-45.8232,16.0,7619.31
1593,61.30894,-45.8232,16.0,7624.1
1594,61.30894,-45.8232,16.0,7628.88
1595,61.30894,-45.8232,16.0,7633.67
1596,61.30894,-45.8232,16.0,7638.46
1597,61.30894,-45.8232,16.0,7643.24
1598,61.30894,-45.8232,16.0,7648.03
1599,61.30894,-45.8232,16.0,7652.81
1600,61.30894,-45.8232,16.0,7657.6
1601,61.30894,-45.8232,16.0,7662.39
1602,61.30894,-45.8232,16.0,7667.17
1603,61.30894,-45.8232,16.0,7671.96
1604,61.30894,-45.8232,16.0,7676.74
1605,61.30894,-45.8232,16.0,7681.53
1606,61.30894,-45.8232,16.0,7686.32
1607,61.30894,-45.8232,16.0,7691.1
1608,61.30894,-45.8232,16.0,7695.89
1609,61.30894,-45.8232,16.0,7700.67
1610,61.30894,-45.8232,16.0,7705.46
1611,61.30894,-45.8232,16.0,7710.25
1612,61.30894,-45.8232,16.0,7715.03
1613,61.30894,-45.8232,16.0,7719.82
1614,61.30894,-45.8232,16.0,7724.6
1615,61.30894,-45.8232,16.0,7729.39
1616,61.30894,-45.8232,16.0,7734.18
1617,61.30894,-45.8232,16.0,7738.96
1618,61.30894,-45.8232,16.0,7743.75
1619,61.30894,-45.8232,16.0,7748.53
1620,61.30894,-45.8232,16.0,7753.32
1621,61.30894,-45.8232,16.0,7758.11
1622,61.30894,-45.8232,16.0,7762.89
1623,61.30894,-45.8232,16.0,7767.68
1624,61.30894,-45.8232,16.0,7772.46
1625,61.30894,-45.8232,16.0,7777.25
1626,61.30894,-45.8232,16.0,7782.04
1627,61.30894,-45.8232,16.0,7786.82
1628,61.30894,-45.8232,16.0,7791.61
1629,61.30894,-45.8232,16.0,7796.39
1630,61.30894,-45.8232,16.0,7801.18
1631,61.30894,-45.8232,16.0,7805.97
1632,61.30894,-45.8232,16.0,7810.75
1633,61.30894,-45.8232,16.0,7815.54
1634,61.30894,-45.8232,16.0,7820.32
1635,61.30894,-45.8232,16.0,7825.11
1636,61.30894,-45.8232,16.0,7829.9
1637,61.30894,-45.8232,16.0,7834.68
1638,61.30894,-45.8232,16.0,7839.47
1639,61.30894,-45.8232,16.0,7844.25
1640,61.30894,-45.8232,16.0,7849.04
1641,61.30894,-45.8232,16.0,7853.83
1642,61.30894,-45.8232,16.0,7858.61
1643,61.30894,-45.8232,16.0,7863.4
1644,61.30894,-45.8232,16.0,7868.18
1645,61.30894,-45.8232,16.0,7872.97
1646,61.30894,-45.8232,16.0,7877.76
1647,61.30894,-45.8232,16.0,7882.54
1648,61.30894,-45.8232,16.0,7887.33
1649,61.30894,-45.8232,16.0,7892.11
1650,61.30894,-45.8232,16.0,7896.9
1651,61.30894,-45.8232,16.0,7901.69
1652,61.30894,-45.8232,16.0,7906.47
1653,61.30894,-45.8232,16.0,7911.26
1654,61.30894,-45.8232,16.0,7916.04
1655,61.30894,-45.8232,16.0,7920.83
1656,61.30894,-45.8232,16.0,7925.62
1657,61.30894,-45.8232,16.0,7930.4
1658,61.30894,-45.8232,16.0,7935.19
1659,61.30894,-45.8232,16.0,7939.97
1660,61.30894,-45.8232,16.0,7944.76
1661,61.30894,-45.8232,16.0,7949.55
1662,61.30894,-45.8232,16.0,7954.33
1663,61.30894,-45.8232,16.0,7959.12
1664,61.30894,-45.8232,16.0,7963.9
1665,61.30894,-45.8232,16.0,7968.69
1666,61.30894,-45.8232,16.0,7973.48
1667,61.30894,-45.8232,16.0,7978.26
1668,61.30894,-45.8232,16.0,7983.05
1669,61.30894,-45.8232,16.0,7987.83
1670,61.30894,-45.8232,16.0,7992.62
1671,61.30894,-45.8232,16.0,7997.41
1672,61.30894,-45.8232,16.0,8002.19
1673,61.30894,-45.8232,16.0,8006.98
1674,61.30894,-45.8232,16.0,8011.76
1675,61.30894,-45.8232,16.0,8016.55
1676,61.30894,-45.8232,16.0,8021.34
1677,61.30894,-45.8232,16.0,8026.12
1678,61.30894,-45.8232,16.0,8030.91
1679,61.30894,-45.8232,16.0,8035.69
1680,61.30894,-45.8232,16.0,8040.48
1681,61.30894,-45.8232,16.0,8045.27
1682,61.30894,-45.8232,16.0,8050.05
1683,61.30894,-45.8232,16.0,8054.84
1684,61.30894,-45.8232,16.0,8059.62
1685,61.30894,-45.8232,16.0,8064.41
1686,61.30894,-45.8232,16.0,8069.2
1687,61.30894,-45.8232,16.0,8073.98
1688,61.30894,-45.8232,16.0,8078.77
1689,61.30894,-45.8232,16.0,8083.55
1690,61.30894,-45.8232,16.0,8088.34
1691,61.30894,-45.8232,16.0,8093.13
1692,61.30894,-45.8232,16.0,8097.91
1693,61.30894,-45.8232,16.0,8102.7
1694,61.30894,-45.8232,16.0,8107.48
1695,61.30894,-45.8232,16.0,8112.27
1696,61.30894,-45.8232,16.0,8117.06
1697,61.30894,-45.8232,16.0,8121.84
1698,61.30894,-45.8232,16.0,8126.63
1699,61.30894,-45.8232,16.0,8131.41
1700,61.30894,-45.8232,16.0,8136.2
1701,61.30894,-45.8232,16.0,8140.99
1702,61.30894,-45.8232,16.0,8145.77
1703,61.30894,-45.8232,16.0,8150.56
1704,61.30894,-45.8232,16.0,8155.34
1705,61.30894,-45.8232,16.0,8160.13
1706,61.30894,-45.8232,16.0,8164.92
1707,61.30894,-45.8232,16.0,8169.7
1708,61.30894,-45.8232,16.0,8174.49
1709,61.30894,-45.8232,16.0,8179.27
1710,61.30894,-45.8232,16.0,8184.06
1711,61.30894,-45.8232,16.0,8188.85
1712,61.30894,-45.8232,16.0,8193.63
1713,61.30894,-45.8232,16.0,8198.42
1714,61.30894,-45.8232,16.0,8203.2
1715,61.30894,-45.8232,16.0,8207.99
1716,61.30894,-45.8232,16.0,8212.78
1717,61.30894,-45.8232,16.0,8217.56
1718,61.30894,-45.8232,16.0,8222.35
1719,61.30894,-45.8232,16.0,8227.13
1720,61.30894,-45.8232,16.0,8231.92
1721,61.30894,-45.8232,16.0,8236.71
1722,61.30894,-45.8232,16.0,8241.49
1723,61.30894,-45.8232,16.0,8246.28
1724,61.30894,-45.8232,16.0,8251.06
1725,61.30894,-45.8232,16.0,8255.85
1726,61.30894,-45.8232,16.0,8260.64
1727,61.30894,-45.8232,16.0,8265.42
1728,61.30894,-45.8232,16.0,8270.21
1729,61.30894,-45.8232,16.0,8274.99
1730,61.30894,-45.8232,16.0,8279.78
1731,61.30894,-45.8232,16.0,8284.57
1732,61.30894,-45.8232,16.0,8289.35
1733,61.30894,-45.8232,16.0,8294.14
1734,61.30894,-45.8232,16.0,8298.92
1735,61.30894,-45.8232,16.0,8303.71
1736,61.30894,-45.8232,16.0,8308.5
1737,61.30894,-45.8232,16.0,8313.28
1738,61.30894,-45.8232,16.0,8318.07
1739,61.30894,-45.8232,16.0,8322.85
1740,61.30894,-45.8232,16.0,8327.64
1741,61.30894,-45.8232,16.0,8332.43
1742,61.30894,-45.8232,16.0,8337.21
1743,61.30894,-45.8232,16.0,8342.0
1744,61.30894,-45.8232,16.0,8346.78
1745,61.30894,-45.8232,16.0,8351.57
1746,61.30894,-45.8232,16.0,8356.36
1747,61.30894,-45.8232,16.0,8361.14
1748,61.30894,-45.8232,16.0,8365.93
1749,61.30894,-45.8232,16.0,8370.71
1750,61.30894,-45.8232,16.0,8375.5
1751,61.30894,-45.8232,16.0,8380.29
1752,61.30894,-45.8232,16.0,8385.07
1753,61.30894,-45.8232,16.0,8389.86
1754,61.30894,-45.8232,16.0,8394.64
1755,61.30894,-45.8232,16.0,8399.43
1756,61.30894,-45.8232,16.0,8404.22
1757,61.30894,-45.8232,16.0,8409.0
1758,61.30894,-45.8232,16.0,8413.79
1759,61.30894,-45.8232,16.0,8418.57
1760,61.30894,-45.8232,16.0,8423.36
1761,61.30894,-45.8232,16.0,8428.15
1762,61.30894,-45.8232,16.0,8432.93
1763,61.30894,-45.8232,16.0,8437.72
1764,61.30894,-45.8232,16.0,8442.5
1765,61.30894,-45.8232,16.0,8447.29
1766,61.30894,-45.8232,16.0,8452.08
1767,61.30894,-45.8232,16.0,8456.86
1768,61.30894,-45.8232,16.0,8461.65
1769,61.30894,-45.8232,16.0,8466.43
1770,61.30894,-45.8232,16.0,8471.22
1771,61.30894,-45.8232,16.0,8476.01
1772,61.30894,-45.8232,16.0,8480.79
1773,61.30894,-45.8232,16.0,8485.58
1774,61.30894,-45.8232,16.0,8490.36
1775,61.30894,-45.8232,16.0,8495.15
1776,61.30894,-45.8232,16.0,8499.94
1777,61.30894,-45.8232,16.0,8504.72
1778,61.30894,-45.8232,16.0,8509.51
1779,61.30894,-45.8232,16.0,8514.29
1780,61.30894,-45.8232,16.0,8519.08
1781,61.30894,-45.8232,16.0,8523.87
1782,61.30894,-45.8232,16.0,8528.65
1783,61.30894,-45.8232,16.0,8533.44
1784,61.30894,-45.8232,16.0,8538.22
1785,61.30894,-45.8232,16.0,8543.01
1786,61.30894,-45.8232,16.0,8547.8
1787,61.30894,-45.8232,16.0,8552.58
1788,61.30894,-45.8232,16.0,8557.37
1789,61.30894,-45.8232,16.0,8562.15
1790,61.30894,-45.8232,16.0,8566.94
1791,61.30894,-45.8232,16.0,8571.73
1792,61.30894,-45.8232,16.0,8576.51
1793,61.30894,-45.8232,16.0,8581.3
1794,61.30894,-45.8232,16.0,8586.08
1795,61.30894,-45.8232,16.0,8590.87
1796,61.30894,-45.8232,16.0,8595.66
1797,61.30894,-45.8232,16.0,8600.44
1798,61.30894,-45.8232,16.0,8605.23
1799,61.30894,-45.8232,16.0,8610.01
1800,61.30894,-45.8232,16.0,8614.8
1801,61.30894,-45.8232,16.0,8619.59
1802,61.30894,-45.8232,16.0,8624.37
1803,61.30894,-45.8232,16.0,8629.16
1804,61.30894,-45.8232,16.0,8633.94
1805,61.30894,-45.8232,16.0,8638.73
1806,61.30894,-45.8232,16.0,8643.52
1807,61.30894,-45.8232,16.0,8648.3
1808,61.30894,-45.8232,16.0,8653.09
1809,61.30894,-45.8232,16.0,8657.87
1810,61.30894,-45.8232,16.0,8662.66
1811,61.30894,-45.8232,16.0,8667.45
1812,61.30894,-45.8232,16.0,8672.23
1813,61.30894,-45.8232,16.0,8677.02
1814,61.30894,-45.8232,16.0,8681.8
1815,61.30894,-45.8232,16.0,8686.59
1816,61.30894,-45.8232,16.0,8691.38
1817,61.30894,-45.8232,16.0,8696.16
1818,61.30894,-45.8232,16.0,8700.95
1819,61.30894,-45.8232,16.0,8705.73
1820,61.30894,-45.8232,16.0,8710.52
1821,61.30894,-45.8232,16.0,8715.31
1822,61.30894,-45.8232,16.0,8720.09
1823,61.30894,-45.8232,16.0,8724.88
1824,61.30894,-45.8232,16.0,8729.66
1825,61.30894,-45.8232,16.0,8734.45
1826,61.30894,-45.8232,16.0,8739.24
1827,61.30894,-45.8232,16.0,8744.02
1828,61.30894,-45.8232,16.0,8748.81
